661573,2022-04-10,ATL,CIN
663204,2022-04-10,CHC,MIL
662570,2022-04-10,WSH,NYM
661916,2022-04-10,TB,BAL
661738,2022-04-10,MIN,SEA
662887,2022-04-10,DET,CWS
661316,2022-04-10,NYY,BOS
662755,2022-04-10,KC,CLE
661039,2022-04-10,LAA,HOU
662019,2022-04-10,STL,PIT
662122,2022-04-10,SF,MIA
663395,2022-04-10,ARI,SD
661802,2022-04-10,TOR,TEX
661129,2022-04-10,PHI,OAK
662934,2022-04-10,COL,LAD
662588,2022-04-09,WSH,NYM
663205,2022-04-09,CHC,MIL
662123,2022-04-09,SF,MIA
661130,2022-04-09,PHI,OAK
661756,2022-04-09,MIN,SEA
661917,2022-04-09,TB,BAL
661332,2022-04-09,NYY,BOS
662864,2022-04-09,DET,CWS
661803,2022-04-09,TOR,TEX
661040,2022-04-09,LAA,HOU
662020,2022-04-09,STL,PIT
661575,2022-04-09,ATL,CIN
663404,2022-04-09,ARI,SD
662931,2022-04-09,COL,LAD
662765,2022-04-09,KC,CLE
661750,2022-04-08,MIN,SEA
661131,2022-04-08,PHI,OAK
663417,2022-04-08,ARI,SD
662124,2022-04-08,SF,MIA
661918,2022-04-08,TB,BAL
662888,2022-04-08,DET,CWS
662559,2022-04-08,WSH,NYM
661576,2022-04-08,ATL,CIN
662933,2022-04-08,COL,LAD
661333,2022-04-08,NYY,BOS
661041,2022-04-08,LAA,HOU
661782,2022-04-08,TOR,TEX
663418,2022-04-07,ARI,SD
661577,2022-04-07,ATL,CIN
662766,2022-04-07,KC,CLE
661042,2022-04-07,LAA,HOU
663178,2022-04-07,CHC,MIL
662021,2022-04-07,STL,PIT
662571,2022-04-07,WSH,NYM
662627,2022-04-14,LAD,CIN
662237,2022-04-14,SD,ATL
661418,2022-04-14,MIA,PHI
662307,2022-04-14,PIT,WSH
661292,2022-04-14,MIL,STL
662702,2022-04-14,KC,DET
661993,2022-04-14,TEX,LAA
661529,2022-04-14,CWS,SEA
661312,2022-04-14,NYY,TOR
662950,2022-04-14,COL,CHC
661942,2022-04-14,TB,OAK
662885,2022-04-13,DET,BOS
663433,2022-04-13,BAL,MIL
662115,2022-04-13,SF,SD
661643,2022-04-13,PHI,NYM
661943,2022-04-13,TB,OAK
661530,2022-04-13,CWS,SEA
661313,2022-04-13,NYY,TOR
661570,2022-04-13,ATL,WSH
661734,2022-04-13,MIN,LAD
663117,2022-04-13,CIN,CLE
663341,2022-04-13,ARI,HOU
662317,2022-04-13,PIT,CHC
663295,2022-04-12,BAL,MIL
661571,2022-04-12,ATL,WSH
661538,2022-04-12,CWS,SEA
661314,2022-04-12,NYY,TOR
662104,2022-04-12,SF,SD
663088,2022-04-12,CIN,CLE
662017,2022-04-12,STL,KC
661995,2022-04-12,TEX,COL
663411,2022-04-12,ARI,HOU
661038,2022-04-12,LAA,MIA
661636,2022-04-12,PHI,NYM
662862,2022-04-12,DET,BOS
662318,2022-04-12,PIT,CHC
661753,2022-04-12,MIN,LAD
661944,2022-04-12,TB,OAK
661754,2022-04-11,MIN,SEA
661036,2022-04-11,LAA,MIA
661315,2022-04-11,NYY,TOR
662116,2022-04-11,SF,SD
662042,2022-04-11,TEX,COL
663403,2022-04-11,BAL,MIL
661572,2022-04-11,ATL,WSH
662754,2022-04-11,KC,CLE
661915,2022-04-11,TB,OAK
662863,2022-04-11,DET,BOS
661637,2022-04-11,PHI,NYM
662233,2022-04-18,SD,CIN
663197,2022-04-18,CHC,TB
661242,2022-04-18,MIL,PIT
662617,2022-04-18,LAD,ATL
662929,2022-04-18,COL,PHI
662407,2022-04-18,OAK,BAL
663236,2022-04-18,BOS,MIN
662928,2022-04-18,HOU,LAA
662234,2022-04-17,SD,ATL
662294,2022-04-17,PIT,WSH
661415,2022-04-17,MIA,PHI
662618,2022-04-17,LAD,CIN
663365,2022-04-17,BAL,NYY
663132,2022-04-17,CLE,SF
662174,2022-04-17,SEA,HOU
661462,2022-04-17,CWS,TB
661804,2022-04-17,TOR,OAK
662930,2022-04-17,COL,CHC
662625,2022-04-17,NYM,ARI
663308,2022-04-17,BOS,MIN
661226,2022-04-17,MIL,STL
662038,2022-04-17,TEX,LAA
661335,2022-04-16,MIL,STL
663076,2022-04-16,CLE,SF
663238,2022-04-16,BOS,MIN
662235,2022-04-16,SD,ATL
662798,2022-04-16,KC,DET
662206,2022-04-16,SEA,HOU
662966,2022-04-16,COL,CHC
662626,2022-04-16,NYM,ARI
661981,2022-04-16,TEX,LAA
662619,2022-04-16,LAD,CIN
661416,2022-04-16,MIA,PHI
662290,2022-04-16,PIT,WSH
661527,2022-04-16,CWS,TB
661759,2022-04-16,TOR,OAK
663266,2022-04-16,BAL,NYY
662485,2022-04-15,NYM,ARI
662291,2022-04-15,PIT,WSH
662192,2022-04-15,SEA,HOU
662236,2022-04-15,SD,ATL
663357,2022-04-15,BAL,NYY
661528,2022-04-15,CWS,TB
661267,2022-04-15,MIL,STL
662701,2022-04-15,KC,DET
663136,2022-04-15,CLE,SF
661417,2022-04-15,MIA,PHI
663265,2022-04-15,BOS,MIN
662960,2022-04-15,COL,CHC
662620,2022-04-15,LAD,CIN
661792,2022-04-15,TOR,OAK
662014,2022-04-15,TEX,LAA
662230,2022-04-22,SD,LAD
661569,2022-04-22,ATL,MIA
662175,2022-04-22,SEA,KC
661621,2022-04-22,PHI,MIL
661914,2022-04-22,TB,BOS
662390,2022-04-22,OAK,TEX
663195,2022-04-22,CHC,PIT
662922,2022-04-22,HOU,TOR
661311,2022-04-22,NYY,CLE
661755,2022-04-22,MIN,CWS
663169,2022-04-22,CIN,STL
663394,2022-04-22,ARI,NYM
661037,2022-04-22,LAA,BAL
662557,2022-04-22,WSH,SF
661391,2022-04-21,MIA,STL
662177,2022-04-21,SEA,TEX
663093,2022-04-21,CLE,CWS
662593,2022-04-21,NYM,SF
663225,2022-04-21,BOS,TOR
662850,2022-04-21,DET,NYY
662742,2022-04-21,KC,MIN
662558,2022-04-21,WSH,ARI
663145,2022-04-21,CHC,PIT
662391,2022-04-21,OAK,BAL
662861,2022-04-20,DET,NYY
661404,2022-04-20,MIA,STL
662349,2022-04-20,NYM,SF
663247,2022-04-20,BOS,TOR
662734,2022-04-20,LAD,ATL
661203,2022-04-20,MIL,PIT
662178,2022-04-20,SEA,TEX
662924,2022-04-20,COL,PHI
662392,2022-04-20,OAK,BAL
663146,2022-04-20,CHC,TB
662231,2022-04-20,SD,CIN
663094,2022-04-20,CLE,CWS
662926,2022-04-20,HOU,LAA
662703,2022-04-20,KC,MIN
662560,2022-04-20,WSH,ARI
663075,2022-04-20,CLE,CWS
661211,2022-04-19,MIL,PIT
662616,2022-04-19,NYM,SF
662406,2022-04-19,OAK,BAL
663249,2022-04-19,BOS,TOR
662232,2022-04-19,SD,CIN
662717,2022-04-19,LAD,ATL
661405,2022-04-19,MIA,STL
662925,2022-04-19,COL,PHI
662583,2022-04-19,WSH,ARI
662350,2022-04-19,NYM,SF
662587,2022-04-19,WSH,ARI
662927,2022-04-19,HOU,LAA
662161,2022-04-19,SEA,TEX
662753,2022-04-19,KC,MIN
662896,2022-04-19,DET,NYY
663196,2022-04-19,CHC,TB
661929,2022-04-26,TB,SEA
662086,2022-04-26,SF,OAK
661733,2022-04-26,MIN,DET
662540,2022-04-26,WSH,MIA
661758,2022-04-26,TOR,BOS
661536,2022-04-26,CWS,KC
662297,2022-04-26,PIT,MIL
662007,2022-04-26,STL,NYM
661309,2022-04-26,NYY,BAL
661567,2022-04-26,PHI,COL
661032,2022-04-26,LAA,CLE
661589,2022-04-26,ATL,CHC
663079,2022-04-26,CIN,SD
661980,2022-04-26,TEX,HOU
663383,2022-04-26,ARI,LAD
663382,2022-04-25,ARI,LAD
661210,2022-04-25,MIL,SF
661639,2022-04-25,PHI,COL
662008,2022-04-25,STL,NYM
661034,2022-04-25,LAA,CLE
661979,2022-04-25,TEX,HOU
661760,2022-04-25,TOR,BOS
662539,2022-04-24,WSH,SF
661640,2022-04-24,PHI,MIL
661590,2022-04-24,ATL,MIA
663111,2022-04-24,CIN,STL
662188,2022-04-24,SEA,KC
661317,2022-04-24,NYY,CLE
663361,2022-04-24,ARI,NYM
662388,2022-04-24,OAK,TEX
661931,2022-04-24,TB,BOS
662274,2022-04-24,SD,LAD
662853,2022-04-24,DET,COL
663166,2022-04-24,CHC,PIT
661033,2022-04-24,LAA,BAL
662921,2022-04-24,HOU,TOR
661781,2022-04-24,MIN,CWS
662389,2022-04-23,OAK,TEX
662875,2022-04-23,HOU,TOR
661568,2022-04-23,ATL,MIA
663100,2022-04-23,CIN,STL
661310,2022-04-23,NYY,CLE
662848,2022-04-23,DET,COL
662276,2022-04-23,SD,LAD
662849,2022-04-23,DET,COL
661035,2022-04-23,LAA,BAL
662191,2022-04-23,SEA,KC
661752,2022-04-23,MIN,CWS
661620,2022-04-23,PHI,MIL
662549,2022-04-23,WSH,SF
663144,2022-04-23,CHC,PIT
663384,2022-04-23,ARI,NYM
661941,2022-04-23,TB,BOS
662288,2022-04-30,PIT,SD
662393,2022-04-30,OAK,CLE
662036,2022-04-30,STL,ARI
661901,2022-04-30,TEX,ATL
661208,2022-04-30,MIL,CHC
663364,2022-04-30,BAL,BOS
662084,2022-04-30,SF,WSH
662797,2022-04-30,KC,NYY
661389,2022-04-30,MIA,SEA
662698,2022-04-30,LAD,DET
661906,2022-04-30,TB,MIN
661825,2022-04-30,TOR,HOU
661534,2022-04-30,CWS,LAA
662591,2022-04-30,NYM,PHI
663008,2022-04-30,COL,CIN
661209,2022-04-29,MIL,CHC
662037,2022-04-29,STL,ARI
661535,2022-04-29,CWS,LAA
662296,2022-04-29,PIT,SD
661390,2022-04-29,MIA,SEA
662405,2022-04-29,OAK,CLE
663009,2022-04-29,COL,CIN
662592,2022-04-29,NYM,PHI
661907,2022-04-29,TB,MIN
661911,2022-04-29,TEX,ATL
661826,2022-04-29,TOR,HOU
662081,2022-04-29,SF,WSH
662741,2022-04-29,KC,NYY
663337,2022-04-29,BAL,BOS
662699,2022-04-29,LAD,DET
663432,2022-04-28,LAA,CLE
661551,2022-04-28,ATL,CHC
661908,2022-04-28,TB,SEA
661532,2022-04-28,CWS,KC
662295,2022-04-28,PIT,MIL
661827,2022-04-28,TOR,BOS
662538,2022-04-28,WSH,MIA
661912,2022-04-28,TEX,HOU
661641,2022-04-28,PHI,COL
663078,2022-04-28,CIN,SD
661729,2022-04-28,MIN,DET
662047,2022-04-28,STL,ARI
661305,2022-04-28,NYY,BAL
663148,2022-04-27,CIN,SD
661533,2022-04-27,CWS,KC
662048,2022-04-27,STL,NYM
661638,2022-04-27,PHI,COL
661757,2022-04-27,TOR,BOS
662546,2022-04-27,WSH,MIA
663393,2022-04-27,ARI,LAD
661739,2022-04-27,MIN,DET
663439,2022-04-27,LAA,CLE
662289,2022-04-27,PIT,MIL
661909,2022-04-27,TB,SEA
661964,2022-04-27,TEX,HOU
662066,2022-04-27,SF,OAK
661306,2022-04-27,NYY,BAL
661552,2022-04-27,ATL,CHC
662382,2022-05-04,OAK,TB
662835,2022-05-04,HOU,SEA
663164,2022-05-04,CHC,CWS
663068,2022-05-04,CLE,SD
661197,2022-05-04,MIL,CIN
663067,2022-05-04,CLE,SD
662577,2022-05-04,NYM,ATL
662993,2022-05-04,COL,WSH
662739,2022-05-04,KC,STL
662707,2022-05-04,LAD,SF
661634,2022-05-04,PHI,TEX
662838,2022-05-04,DET,PIT
661795,2022-05-04,TOR,NYY
663248,2022-05-04,BOS,LAA
661363,2022-05-04,MIA,ARI
662839,2022-05-04,DET,PIT
663462,2022-05-04,BAL,MIN
662994,2022-05-03,COL,WSH
663237,2022-05-03,BOS,LAA
662569,2022-05-03,NYM,ATL
662459,2022-05-03,NYM,ATL
662708,2022-05-03,LAD,SF
661200,2022-05-03,MIL,CIN
662690,2022-05-03,KC,STL
661635,2022-05-03,PHI,TEX
661796,2022-05-03,TOR,NYY
661364,2022-05-03,MIA,ARI
662919,2022-05-03,HOU,SEA
663165,2022-05-03,CHC,CWS
663463,2022-05-03,BAL,MIN
662386,2022-05-03,OAK,TB
661362,2022-05-02,MIA,ARI
661526,2022-05-02,CWS,LAA
662578,2022-05-02,NYM,ATL
662920,2022-05-02,HOU,SEA
662009,2022-05-02,STL,KC
662387,2022-05-02,OAK,TB
663362,2022-05-02,BAL,MIN
661823,2022-05-02,TOR,NYY
661365,2022-05-01,MIA,SEA
661824,2022-05-01,TOR,HOU
663363,2022-05-01,BAL,BOS
661531,2022-05-01,CWS,LAA
661216,2022-05-01,MIL,CHC
662397,2022-05-01,OAK,CLE
662579,2022-05-01,NYM,PHI
662691,2022-05-01,KC,NYY
662106,2022-05-01,SF,WSH
662293,2022-05-01,PIT,SD
662716,2022-05-01,LAD,DET
661988,2022-05-01,STL,ARI
661935,2022-05-01,TEX,ATL
661905,2022-05-01,TB,MIN
663007,2022-05-01,COL,CIN
661302,2022-05-08,NYY,TEX
662260,2022-05-08,SD,MIA
663069,2022-05-08,CIN,PIT
661627,2022-05-08,PHI,NYM
661626,2022-05-08,PHI,NYM
663429,2022-05-08,LAA,WSH
663368,2022-05-08,ARI,COL
663161,2022-05-08,CHC,LAD
663086,2022-05-08,CLE,TOR
661345,2022-05-08,BAL,KC
661307,2022-05-08,BAL,KC
661550,2022-05-08,ATL,MIL
663278,2022-05-08,BOS,CWS
661304,2022-05-08,NYY,TEX
661700,2022-05-08,MIN,OAK
662098,2022-05-08,SF,STL
662160,2022-05-08,SEA,TB
662795,2022-05-08,HOU,DET
663359,2022-05-07,ARI,COL
663056,2022-05-07,CLE,TOR
663057,2022-05-07,CLE,TOR
663226,2022-05-07,BOS,CWS
661701,2022-05-07,MIN,OAK
662796,2022-05-07,HOU,DET
662261,2022-05-07,SD,MIA
662159,2022-05-07,SEA,TB
661540,2022-05-07,ATL,MIL
663162,2022-05-07,CHC,LAD
663430,2022-05-07,LAA,WSH
663070,2022-05-07,CIN,PIT
662102,2022-05-07,SF,STL
663089,2022-05-07,CIN,PIT
663142,2022-05-07,CHC,LAD
663360,2022-05-06,ARI,COL
663224,2022-05-06,BOS,CWS
662187,2022-05-06,SEA,TB
662272,2022-05-06,SD,MIA
661541,2022-05-06,ATL,MIL
662815,2022-05-06,HOU,DET
661775,2022-05-06,MIN,OAK
663431,2022-05-06,LAA,WSH
662103,2022-05-06,SF,STL
662262,2022-05-05,SD,MIA
662189,2022-05-05,SEA,TB
661619,2022-05-05,PHI,NYM
663227,2022-05-05,BOS,LAA
663066,2022-05-05,CLE,TOR
662105,2022-05-05,SF,STL
661204,2022-05-05,MIL,CIN
662816,2022-05-05,HOU,DET
663013,2022-05-05,COL,WSH
661341,2022-05-05,BAL,MIN
662005,2022-05-12,STL,BAL
661694,2022-05-12,MIN,HOU
662872,2022-05-12,DET,OAK
662372,2022-05-12,PIT,CIN
661519,2022-05-12,CWS,NYY
662706,2022-05-12,LAD,PHI
662548,2022-05-12,WSH,NYM
661883,2022-05-12,TEX,KC
662095,2022-05-11,SF,COL
663450,2022-05-11,LAA,TB
663358,2022-05-11,ARI,MIA
661548,2022-05-11,ATL,BOS
662006,2022-05-11,STL,BAL
662873,2022-05-11,DET,OAK
662176,2022-05-11,SEA,PHI
663074,2022-05-11,CIN,MIL
661300,2022-05-11,NYY,TOR
662273,2022-05-11,SD,CHC
662385,2022-05-11,PIT,LAD
661702,2022-05-11,MIN,HOU
662526,2022-05-11,WSH,NYM
661899,2022-05-11,TEX,KC
663416,2022-05-10,LAA,TB
662016,2022-05-10,TEX,KC
662412,2022-05-10,OAK,DET
662096,2022-05-10,SF,COL
662157,2022-05-10,SEA,PHI
663090,2022-05-10,CIN,MIL
661524,2022-05-10,CWS,CLE
661301,2022-05-10,NYY,TOR
663350,2022-05-10,ARI,MIA
662258,2022-05-10,SD,CHC
661696,2022-05-10,MIN,HOU
661987,2022-05-10,STL,BAL
662537,2022-05-10,WSH,NYM
661549,2022-05-10,ATL,BOS
662292,2022-05-10,PIT,LAD
662855,2022-05-10,DET,OAK
662259,2022-05-09,SD,CHC
662097,2022-05-09,SF,COL
662158,2022-05-09,SEA,PHI
661303,2022-05-09,NYY,TEX
662287,2022-05-09,PIT,LAD
661525,2022-05-09,CWS,CLE
663438,2022-05-09,LAA,TB
662837,2022-05-09,DET,OAK
663101,2022-05-09,CIN,MIL
663366,2022-05-09,ARI,MIA
661349,2022-05-09,BAL,KC
661212,2022-05-16,MIL,ATL
661794,2022-05-16,TOR,SEA
661402,2022-05-16,MIA,WSH
662695,2022-05-16,LAD,ARI
662728,2022-05-16,KC,CWS
661308,2022-05-16,BAL,NYY
663151,2022-05-16,CHC,PIT
661961,2022-05-16,TB,DET
661145,2022-05-16,TEX,LAA
663005,2022-05-16,COL,SF
662378,2022-05-16,OAK,MIN
663275,2022-05-16,BOS,HOU
662519,2022-05-15,PIT,CIN
662696,2022-05-15,LAD,PHI
662528,2022-05-15,WSH,HOU
661732,2022-05-15,MIN,CLE
662380,2022-05-15,OAK,LAA
662843,2022-05-15,DET,BAL
661489,2022-05-15,CWS,NYY
661545,2022-05-15,ATL,SD
662567,2022-05-15,NYM,SEA
661146,2022-05-15,TEX,BOS
663010,2022-05-15,COL,KC
661984,2022-05-15,STL,SF
661403,2022-05-15,MIA,MIL
663367,2022-05-15,ARI,CHC
661902,2022-05-15,TB,TOR
661695,2022-05-14,MIN,CLE
662568,2022-05-14,NYM,SEA
661546,2022-05-14,ATL,SD
661414,2022-05-14,MIA,MIL
662704,2022-05-14,LAD,PHI
662399,2022-05-14,OAK,LAA
663348,2022-05-14,ARI,CHC
661147,2022-05-14,TEX,BOS
661985,2022-05-14,STL,SF
663011,2022-05-14,COL,KC
662384,2022-05-14,PIT,CIN
662379,2022-05-14,OAK,LAA
661490,2022-05-14,CWS,NYY
662547,2022-05-14,WSH,HOU
662844,2022-05-14,DET,BAL
661903,2022-05-14,TB,TOR
662525,2022-05-13,WSH,HOU
662851,2022-05-13,DET,BAL
662523,2022-05-13,NYM,SEA
662494,2022-05-13,PIT,CIN
663012,2022-05-13,COL,KC
661491,2022-05-13,CWS,NYY
661547,2022-05-13,ATL,SD
661361,2022-05-13,MIA,MIL
661904,2022-05-13,TB,TOR
661986,2022-05-13,STL,SF
661698,2022-05-13,MIN,CLE
663349,2022-05-13,ARI,CHC
661882,2022-05-13,TEX,BOS
662381,2022-05-13,OAK,LAA
662705,2022-05-13,LAD,PHI
662764,2022-05-20,HOU,TEX
662506,2022-05-20,PIT,STL
661195,2022-05-20,MIL,WSH
662078,2022-05-20,SF,SD
663135,2022-05-20,CLE,DET
663449,2022-05-20,LAA,OAK
661766,2022-05-20,TOR,CIN
663143,2022-05-20,CHC,ARI
662714,2022-05-20,KC,MIN
661339,2022-05-20,MIA,ATL
663268,2022-05-20,BOS,SEA
661632,2022-05-20,PHI,LAD
661348,2022-05-20,BAL,TB
661623,2022-05-19,PHI,SD
663043,2022-05-19,CLE,CIN
662520,2022-05-19,NYM,STL
662778,2022-05-19,HOU,TEX
663193,2022-05-19,CHC,ARI
662715,2022-05-19,KC,CWS
661347,2022-05-19,BAL,NYY
663269,2022-05-19,BOS,SEA
663270,2022-05-18,BOS,HOU
661344,2022-05-18,BAL,NYY
661202,2022-05-18,MIL,ATL
663003,2022-05-18,COL,SF
662726,2022-05-18,KC,CWS
661624,2022-05-18,PHI,SD
661400,2022-05-18,MIA,WSH
661125,2022-05-18,TEX,LAA
662744,2022-05-18,LAD,ARI
663156,2022-05-18,CHC,PIT
662054,2022-05-18,TB,DET
662554,2022-05-18,NYM,STL
661767,2022-05-18,TOR,SEA
662377,2022-05-18,OAK,MIN
662507,2022-05-17,NYM,STL
661196,2022-05-17,MIL,ATL
661765,2022-05-17,TOR,SEA
663271,2022-05-17,BOS,HOU
663032,2022-05-17,CLE,CIN
662628,2022-05-17,LAD,ARI
662780,2022-05-17,KC,CWS
662566,2022-05-17,NYM,STL
662727,2022-05-17,KC,CWS
663157,2022-05-17,CHC,PIT
663004,2022-05-17,COL,SF
662053,2022-05-17,TB,DET
662370,2022-05-17,OAK,MIN
661401,2022-05-17,MIA,WSH
661625,2022-05-17,PHI,SD
661342,2022-05-17,BAL,NYY
662697,2022-05-17,LAD,ARI
661126,2022-05-17,TEX,LAA
661287,2022-05-23,NYY,BAL
662257,2022-05-23,SD,MIL
661544,2022-05-23,ATL,PHI
662455,2022-05-23,PIT,COL
661999,2022-05-23,STL,TOR
662524,2022-05-23,WSH,LAD
663073,2022-05-23,CIN,CHC
662075,2022-05-23,SF,NYM
662135,2022-05-23,SEA,OAK
662858,2022-05-23,HOU,CLE
663340,2022-05-23,ARI,KC
661730,2022-05-23,MIN,DET
661398,2022-05-22,MIA,ATL
663120,2022-05-22,CLE,DET
661611,2022-05-22,PHI,LAD
663277,2022-05-22,BOS,SEA
662857,2022-05-22,HOU,TEX
662982,2022-05-22,COL,NYM
662712,2022-05-22,KC,MIN
661288,2022-05-22,NYY,CWS
661290,2022-05-22,NYY,CWS
663150,2022-05-22,CHC,ARI
663447,2022-05-22,LAA,OAK
662076,2022-05-22,SF,SD
661248,2022-05-22,MIL,WSH
661763,2022-05-22,TOR,CIN
662479,2022-05-22,PIT,STL
661279,2022-05-22,BAL,TB
663002,2022-05-21,COL,NYM
661280,2022-05-21,MIL,WSH
662077,2022-05-21,SF,SD
661289,2022-05-21,NYY,CWS
661631,2022-05-21,PHI,LAD
663194,2022-05-21,CHC,ARI
662713,2022-05-21,KC,MIN
662763,2022-05-21,HOU,TEX
661399,2022-05-21,MIA,ATL
661291,2022-05-21,BAL,TB
662478,2022-05-21,PIT,STL
661793,2022-05-21,TOR,CIN
663448,2022-05-21,LAA,OAK
663234,2022-05-21,BOS,SEA
663001,2022-05-21,COL,NYM
661539,2022-05-27,ATL,MIA
662132,2022-05-27,SEA,HOU
663080,2022-05-27,CIN,SF
663444,2022-05-27,LAA,TOR
662281,2022-05-27,SD,PIT
661992,2022-05-27,STL,MIL
662369,2022-05-27,OAK,TEX
661960,2022-05-27,TB,NYY
663347,2022-05-27,ARI,LAD
662543,2022-05-27,NYM,PHI
661777,2022-05-27,MIN,KC
663276,2022-05-27,BOS,BAL
661574,2022-05-26,ATL,PHI
662051,2022-05-26,TB,NYY
662515,2022-05-26,WSH,COL
662842,2022-05-26,DET,CLE
661997,2022-05-26,STL,MIL
662376,2022-05-26,OAK,TEX
663338,2022-05-26,ARI,LAD
661771,2022-05-26,MIN,KC
663445,2022-05-26,LAA,TOR
661486,2022-05-26,CWS,BOS
663081,2022-05-26,CIN,CHC
662228,2022-05-25,SD,MIL
661487,2022-05-25,CWS,BOS
662845,2022-05-25,HOU,CLE
662133,2022-05-25,SEA,OAK
663082,2022-05-25,CIN,CHC
662527,2022-05-25,WSH,LAD
661542,2022-05-25,ATL,PHI
662453,2022-05-25,PIT,COL
663446,2022-05-25,LAA,TEX
662052,2022-05-25,TB,MIA
662093,2022-05-25,SF,NYM
661772,2022-05-25,MIN,DET
661286,2022-05-25,NYY,BAL
662846,2022-05-24,HOU,CLE
661543,2022-05-24,ATL,PHI
661998,2022-05-24,STL,TOR
662229,2022-05-24,SD,MIL
663103,2022-05-24,CIN,CHC
663381,2022-05-24,LAA,TEX
663339,2022-05-24,ARI,KC
661978,2022-05-24,TB,MIA
661699,2022-05-24,MIN,DET
662536,2022-05-24,WSH,LAD
662074,2022-05-24,SF,NYM
662134,2022-05-24,SEA,OAK
661285,2022-05-24,NYY,BAL
661488,2022-05-24,CWS,BOS
662454,2022-05-24,PIT,COL
662373,2022-05-30,OAK,HOU
663147,2022-05-30,CHC,MIL
661613,2022-05-30,PHI,SF
662992,2022-05-30,COL,MIA
661900,2022-05-30,TEX,TB
663327,2022-05-30,ARI,ATL
662743,2022-05-30,LAD,PIT
662854,2022-05-30,DET,MIN
661989,2022-05-30,STL,SD
663149,2022-05-30,CHC,MIL
663298,2022-05-30,BOS,BAL
663109,2022-05-30,CLE,KC
662545,2022-05-30,NYM,WSH
661990,2022-05-29,STL,MIL
661461,2022-05-29,CWS,CHC
662512,2022-05-29,WSH,COL
663299,2022-05-29,BOS,BAL
663072,2022-05-29,CIN,SF
661517,2022-05-29,ATL,MIA
661910,2022-05-29,TB,NYY
662555,2022-05-29,NYM,PHI
662130,2022-05-29,SEA,HOU
662279,2022-05-29,SD,PIT
663328,2022-05-29,ARI,LAD
662374,2022-05-29,OAK,TEX
662840,2022-05-29,DET,CLE
661731,2022-05-29,MIN,KC
663414,2022-05-29,LAA,TOR
663257,2022-05-28,BOS,BAL
661537,2022-05-28,ATL,MIA
661933,2022-05-28,TB,NYY
663400,2022-05-28,LAA,TOR
662131,2022-05-28,SEA,HOU
661518,2022-05-28,CWS,CHC
663118,2022-05-28,CIN,SF
662280,2022-05-28,SD,PIT
662513,2022-05-28,WSH,COL
662852,2022-05-28,DET,CLE
661991,2022-05-28,STL,MIL
663330,2022-05-28,ARI,LAD
662375,2022-05-28,OAK,TEX
662556,2022-05-28,NYM,PHI
661774,2022-05-28,MIN,KC
662514,2022-05-28,WSH,COL
663309,2022-05-28,BOS,BAL
661334,2022-06-03,MIL,SD
662720,2022-06-03,LAD,NYM
663153,2022-06-03,CHC,STL
661642,2022-06-03,PHI,LAA
662980,2022-06-03,COL,ATL
661318,2022-06-03,NYY,DET
661913,2022-06-03,TEX,SEA
661058,2022-06-03,BAL,CLE
661897,2022-06-03,TB,CWS
661396,2022-06-03,MIA,SF
662365,2022-06-03,OAK,BOS
663119,2022-06-03,CIN,WSH
662692,2022-06-03,KC,HOU
662452,2022-06-03,PIT,ARI
661761,2022-06-03,TOR,MIN
661397,2022-06-02,MIA,SF
663000,2022-06-02,COL,ATL
661340,2022-06-02,MIL,SD
661762,2022-06-02,TOR,CWS
661329,2022-06-02,NYY,LAA
663091,2022-06-02,CIN,WSH
661330,2022-06-02,NYY,LAA
662693,2022-06-02,LAD,NYM
663139,2022-06-02,CHC,STL
661934,2022-06-02,TEX,TB
662832,2022-06-02,DET,MIN
661247,2022-06-02,BAL,SEA
661982,2022-06-01,STL,SD
662833,2022-06-01,DET,MIN
663326,2022-06-01,ARI,ATL
663031,2022-06-01,CLE,KC
661612,2022-06-01,PHI,SF
663184,2022-06-01,CHC,MIL
662457,2022-06-01,NYM,WSH
661963,2022-06-01,TEX,TB
662366,2022-06-01,OAK,HOU
662981,2022-06-01,COL,MIA
661343,2022-06-01,BAL,SEA
662991,2022-06-01,COL,MIA
661764,2022-06-01,TOR,CWS
662721,2022-06-01,LAD,PIT
663296,2022-06-01,BOS,CIN
662761,2022-06-07,HOU,SEA
661516,2022-06-07,ATL,OAK
661170,2022-06-07,BAL,CHC
662092,2022-06-07,SF,COL
662277,2022-06-07,SD,NYM
661169,2022-06-07,MIA,WSH
661460,2022-06-07,CWS,LAD
663122,2022-06-07,CLE,TEX
661894,2022-06-07,TB,STL
661205,2022-06-07,MIL,PHI
662449,2022-06-07,PIT,DET
663391,2022-06-07,LAA,BOS
662678,2022-06-07,KC,TOR
661693,2022-06-07,MIN,NYY
663134,2022-06-07,CLE,TEX
663064,2022-06-07,CIN,ARI
663065,2022-06-06,CIN,ARI
663399,2022-06-06,LAA,BOS
662278,2022-06-06,SD,NYM
662762,2022-06-06,HOU,SEA
662613,2022-06-06,KC,TOR
663058,2022-06-05,CIN,WSH
661895,2022-06-05,TB,CWS
661962,2022-06-05,TEX,SEA
662363,2022-06-05,OAK,BOS
662688,2022-06-05,KC,HOU
663138,2022-06-05,CHC,STL
661241,2022-06-05,MIL,SD
661151,2022-06-05,BAL,CLE
662990,2022-06-05,COL,ATL
662450,2022-06-05,PIT,ARI
661394,2022-06-05,MIA,SF
661633,2022-06-05,PHI,LAA
661277,2022-06-05,NYY,DET
662612,2022-06-05,LAD,NYM
661747,2022-06-05,TOR,MIN
661395,2022-06-04,MIA,SF
661214,2022-06-04,MIL,SD
663102,2022-06-04,CIN,WSH
663179,2022-06-04,CHC,STL
661615,2022-06-04,PHI,LAA
662451,2022-06-04,PIT,ARI
661896,2022-06-04,TB,CWS
662364,2022-06-04,OAK,BOS
662689,2022-06-04,KC,HOU
661936,2022-06-04,TEX,SEA
661278,2022-06-04,NYY,DET
662687,2022-06-04,LAD,NYM
661749,2022-06-04,TOR,MIN
662987,2022-06-04,COL,ATL
661346,2022-06-04,BAL,CLE
663152,2022-06-04,CHC,STL
661194,2022-06-09,MIL,PHI
661458,2022-06-09,CWS,LAD
663049,2022-06-09,CIN,ARI
662091,2022-06-09,SF,COL
663413,2022-06-09,LAA,BOS
661514,2022-06-09,ATL,PIT
662677,2022-06-09,KC,BAL
661891,2022-06-09,TB,STL
661149,2022-06-09,MIA,WSH
663015,2022-06-09,CLE,OAK
661697,2022-06-09,MIN,NYY
662760,2022-06-08,HOU,SEA
661150,2022-06-08,MIA,WSH
661188,2022-06-08,MIL,PHI
662094,2022-06-08,SF,COL
662679,2022-06-08,KC,TOR
662448,2022-06-08,PIT,DET
661515,2022-06-08,ATL,OAK
663050,2022-06-08,CIN,ARI
662223,2022-06-08,SD,NYM
661459,2022-06-08,CWS,LAD
661681,2022-06-08,MIN,NYY
663398,2022-06-08,LAA,BOS
661892,2022-06-08,TB,STL
663055,2022-06-08,CLE,TEX
661629,2022-06-13,PHI,MIA
663183,2022-06-13,CHC,SD
663345,2022-06-13,ARI,CIN
661974,2022-06-13,STL,PIT
661881,2022-06-13,TEX,HOU
661746,2022-06-13,TOR,BAL
662069,2022-06-13,SF,KC
662126,2022-06-13,SEA,MIN
662828,2022-06-13,DET,CWS
662505,2022-06-13,WSH,ATL
661483,2022-06-12,CWS,TEX
661679,2022-06-12,MIN,TB
661975,2022-06-12,STL,CIN
662085,2022-06-12,SF,LAD
663397,2022-06-12,LAA,NYM
661270,2022-06-12,NYY,CHC
662256,2022-06-12,SD,COL
662758,2022-06-12,HOU,MIA
662127,2022-06-12,SEA,BOS
661144,2022-06-12,ATL,PIT
663083,2022-06-12,CLE,OAK
661622,2022-06-12,PHI,ARI
662542,2022-06-12,WSH,MIL
662673,2022-06-12,KC,BAL
662829,2022-06-12,DET,TOR
662510,2022-06-11,WSH,MIL
661160,2022-06-11,ATL,PIT
661484,2022-06-11,CWS,TEX
661976,2022-06-11,STL,CIN
661614,2022-06-11,PHI,ARI
662756,2022-06-11,HOU,MIA
662251,2022-06-11,SD,COL
662128,2022-06-11,SEA,BOS
661276,2022-06-11,NYY,CHC
662222,2022-06-11,SD,COL
663412,2022-06-11,LAA,NYM
663084,2022-06-11,CLE,OAK
662830,2022-06-11,DET,TOR
662674,2022-06-11,KC,BAL
662089,2022-06-11,SF,LAD
661680,2022-06-11,MIN,TB
662275,2022-06-10,SD,COL
662511,2022-06-10,WSH,MIL
661284,2022-06-10,NYY,CHC
662831,2022-06-10,DET,TOR
662129,2022-06-10,SEA,BOS
661983,2022-06-10,STL,CIN
663014,2022-06-10,CLE,OAK
661617,2022-06-10,PHI,ARI
661678,2022-06-10,MIN,TB
662676,2022-06-10,KC,BAL
661513,2022-06-10,ATL,PIT
662090,2022-06-10,SF,LAD
662759,2022-06-10,HOU,MIA
661485,2022-06-10,CWS,TEX
663390,2022-06-10,LAA,NYM
662362,2022-06-17,OAK,KC
663335,2022-06-17,ARI,MIN
662826,2022-06-17,DET,TEX
662171,2022-06-17,SEA,LAA
662534,2022-06-17,NYM,MIA
662437,2022-06-17,PIT,SF
663063,2022-06-17,CIN,MIL
662580,2022-06-17,WSH,PHI
663256,2022-06-17,BOS,STL
663124,2022-06-17,CHC,ATL
661742,2022-06-17,TOR,NYY
662719,2022-06-17,LAD,CLE
662757,2022-06-17,HOU,CWS
662502,2022-06-17,WSH,PHI
661093,2022-06-17,BAL,TB
662985,2022-06-17,COL,SD
663125,2022-06-16,CHC,SD
663267,2022-06-16,BOS,OAK
662172,2022-06-16,SEA,LAA
662986,2022-06-16,COL,CLE
662827,2022-06-16,DET,TEX
661743,2022-06-16,TOR,BAL
662501,2022-06-16,WSH,PHI
662535,2022-06-16,NYM,MIL
661326,2022-06-16,NYY,TB
662694,2022-06-15,LAD,LAA
662504,2022-06-15,WSH,ATL
663336,2022-06-15,ARI,CIN
661583,2022-06-15,PHI,MIA
661327,2022-06-15,NYY,TB
662480,2022-06-15,NYM,MIL
663235,2022-06-15,BOS,OAK
661845,2022-06-15,TEX,HOU
662082,2022-06-15,SF,KC
662173,2022-06-15,SEA,MIN
663155,2022-06-15,CHC,SD
662893,2022-06-15,COL,CLE
661744,2022-06-15,TOR,BAL
661972,2022-06-15,STL,PIT
662883,2022-06-15,DET,CWS
661973,2022-06-14,STL,PIT
663342,2022-06-14,ARI,CIN
662068,2022-06-14,SF,KC
662441,2022-06-14,NYM,MIL
662884,2022-06-14,DET,CWS
662018,2022-06-14,STL,PIT
662935,2022-06-14,COL,CLE
662503,2022-06-14,WSH,ATL
663279,2022-06-14,BOS,OAK
661880,2022-06-14,TEX,HOU
661745,2022-06-14,TOR,BAL
661616,2022-06-14,PHI,MIA
661328,2022-06-14,NYY,TB
662125,2022-06-14,SEA,MIN
662611,2022-06-14,LAD,LAA
663182,2022-06-14,CHC,SD
662248,2022-06-21,SD,ARI
663041,2022-06-21,CIN,LAD
661481,2022-06-21,CWS,TOR
662750,2022-06-21,HOU,NYM
661846,2022-06-21,TEX,PHI
661677,2022-06-21,MIN,CLE
662360,2022-06-21,OAK,SEA
661198,2022-06-21,BAL,WSH
663442,2022-06-21,LAA,KC
663246,2022-06-21,BOS,DET
661124,2022-06-21,PIT,CHC
661192,2022-06-21,MIL,STL
661148,2022-06-21,MIA,COL
661142,2022-06-21,ATL,SF
661890,2022-06-21,TB,NYY
661893,2022-06-20,TB,NYY
661186,2022-06-20,MIL,STL
661143,2022-06-20,ATL,SF
661121,2022-06-20,PIT,CHC
662221,2022-06-20,SD,ARI
662522,2022-06-20,NYM,MIA
661482,2022-06-20,CWS,TOR
663443,2022-06-20,LAA,KC
663253,2022-06-20,BOS,DET
662532,2022-06-19,NYM,MIA
663254,2022-06-19,BOS,STL
663061,2022-06-19,CIN,MIL
661741,2022-06-19,TOR,NYY
663218,2022-06-19,CHC,ATL
662590,2022-06-19,LAD,CLE
663334,2022-06-19,ARI,MIN
662751,2022-06-19,HOU,CWS
661122,2022-06-19,PIT,SF
661074,2022-06-19,BAL,TB
662553,2022-06-19,WSH,PHI
662998,2022-06-19,COL,SD
662169,2022-06-19,SEA,LAA
662361,2022-06-19,OAK,KC
662807,2022-06-19,DET,TEX
662500,2022-06-18,WSH,PHI
663351,2022-06-18,ARI,MIN
662368,2022-06-18,OAK,KC
663062,2022-06-18,CIN,MIL
662533,2022-06-18,NYM,MIA
661123,2022-06-18,PIT,SF
662170,2022-06-18,SEA,LAA
663239,2022-06-18,CHC,ATL
661748,2022-06-18,TOR,NYY
662686,2022-06-18,LAD,CLE
663255,2022-06-18,BOS,STL
662752,2022-06-18,HOU,CWS
662999,2022-06-18,COL,SD
662194,2022-06-18,SEA,LAA
662802,2022-06-18,DET,TEX
661127,2022-06-18,BAL,TB
661271,2022-06-25,NYY,HOU
661454,2022-06-25,CWS,BAL
661138,2022-06-25,ATL,LAD
661264,2022-06-25,MIL,TOR
663441,2022-06-25,LAA,SEA
662083,2022-06-25,SF,CIN
661970,2022-06-25,STL,CHC
663042,2022-06-25,CLE,BOS
662247,2022-06-25,SD,PHI
661887,2022-06-25,TB,PIT
661898,2022-06-25,TEX,WSH
662672,2022-06-25,KC,OAK
661381,2022-06-25,MIA,NYM
661686,2022-06-25,MIN,COL
663346,2022-06-25,ARI,DET
661190,2022-06-24,MIL,TOR
662067,2022-06-24,SF,CIN
661274,2022-06-24,NYY,HOU
661888,2022-06-24,TB,PIT
661684,2022-06-24,MIN,COL
663333,2022-06-24,ARI,DET
661382,2022-06-24,MIA,NYM
663054,2022-06-24,CLE,BOS
662255,2022-06-24,SD,PHI
661139,2022-06-24,ATL,LAD
661455,2022-06-24,CWS,BAL
661844,2022-06-24,TEX,WSH
661971,2022-06-24,STL,CHC
663388,2022-06-24,LAA,SEA
662664,2022-06-24,KC,OAK
661392,2022-06-23,MIA,COL
661456,2022-06-23,CWS,BAL
662358,2022-06-23,OAK,SEA
661325,2022-06-23,NYY,HOU
661685,2022-06-23,MIN,CLE
661106,2022-06-23,PIT,CHC
663039,2022-06-23,CIN,LAD
662227,2022-06-23,SD,PHI
661140,2022-06-23,ATL,SF
661183,2022-06-23,MIL,STL
663389,2022-06-22,LAA,KC
661393,2022-06-22,MIA,COL
661141,2022-06-22,ATL,SF
663040,2022-06-22,CIN,LAD
661851,2022-06-22,TEX,PHI
661230,2022-06-22,MIL,STL
663252,2022-06-22,BOS,DET
662359,2022-06-22,OAK,SEA
661246,2022-06-22,BAL,WSH
661457,2022-06-22,CWS,TOR
661107,2022-06-22,PIT,CHC
661690,2022-06-22,MIN,CLE
662245,2022-06-22,SD,ARI
662749,2022-06-22,HOU,NYM
661889,2022-06-22,TB,NYY
661134,2022-06-29,STL,MIA
661584,2022-06-29,PHI,ATL
661727,2022-06-29,TOR,BOS
663396,2022-06-29,LAA,CWS
663325,2022-06-29,ARI,SD
661263,2022-06-29,NYY,OAK
662440,2022-06-29,NYM,HOU
662151,2022-06-29,SEA,BAL
663030,2022-06-29,CLE,MIN
662493,2022-06-29,WSH,PIT
662080,2022-06-29,SF,DET
661879,2022-06-29,TB,MIL
662675,2022-06-29,KC,TEX
662894,2022-06-29,COL,LAD
663215,2022-06-29,CHC,CIN
663231,2022-06-28,CHC,CIN
662484,2022-06-28,WSH,PIT
663344,2022-06-28,ARI,SD
662060,2022-06-28,SF,DET
661272,2022-06-28,NYY,OAK
661580,2022-06-28,PHI,ATL
662186,2022-06-28,SEA,BAL
663392,2022-06-28,LAA,CWS
662521,2022-06-28,NYM,HOU
663045,2022-06-28,CLE,MIN
661885,2022-06-28,TB,MIL
662615,2022-06-28,KC,TEX
663033,2022-06-28,CLE,MIN
662911,2022-06-28,COL,LAD
661728,2022-06-28,TOR,BOS
661967,2022-06-28,STL,MIA
661740,2022-06-27,TOR,BOS
662912,2022-06-27,COL,LAD
661968,2022-06-27,STL,MIA
662487,2022-06-27,WSH,PIT
662681,2022-06-27,KC,TEX
663016,2022-06-27,CLE,MIN
661275,2022-06-27,NYY,OAK
662168,2022-06-27,SEA,BAL
663440,2022-06-27,LAA,CWS
661453,2022-06-26,CWS,BAL
661380,2022-06-26,MIA,NYM
661692,2022-06-26,MIN,COL
662254,2022-06-26,SD,PHI
663387,2022-06-26,LAA,SEA
661273,2022-06-26,NYY,HOU
661886,2022-06-26,TB,PIT
661847,2022-06-26,TEX,WSH
662665,2022-06-26,KC,OAK
663331,2022-06-26,ARI,DET
662061,2022-06-26,SF,CIN
661512,2022-06-26,ATL,LAD
663121,2022-06-26,CLE,BOS
661206,2022-06-26,MIL,TOR
661969,2022-06-26,STL,CHC
663037,2022-07-02,CIN,ATL
662964,2022-07-02,CLE,NYY
662890,2022-07-02,HOU,LAA
662101,2022-07-02,SF,CWS
662718,2022-07-02,LAD,SD
662163,2022-07-02,SEA,OAK
661683,2022-07-02,MIN,BAL
662954,2022-07-02,CLE,NYY
662456,2022-07-02,NYM,TEX
662910,2022-07-02,COL,ARI
662904,2022-07-02,DET,KC
663198,2022-07-02,CHC,BOS
661724,2022-07-02,TOR,TB
661103,2022-07-02,PIT,MIL
662482,2022-07-02,WSH,MIA
661581,2022-07-02,PHI,STL
661836,2022-07-02,TOR,TB
662609,2022-07-01,LAD,SD
662079,2022-07-01,SF,CWS
663185,2022-07-01,CHC,BOS
662997,2022-07-01,COL,ARI
661104,2022-07-01,PIT,MIL
662748,2022-07-01,HOU,LAA
661725,2022-07-01,TOR,TB
661582,2022-07-01,PHI,STL
662492,2022-07-01,WSH,MIA
663038,2022-07-01,CIN,ATL
662439,2022-07-01,NYM,TEX
662149,2022-07-01,SEA,OAK
662834,2022-07-01,DET,KC
661691,2022-07-01,MIN,BAL
661579,2022-06-30,PHI,ATL
662788,2022-06-30,HOU,NYY
662150,2022-06-30,SEA,OAK
662983,2022-06-30,CLE,MIN
662733,2022-06-30,LAD,SD
661726,2022-06-30,TOR,TB
663199,2022-06-30,CHC,CIN
661105,2022-06-30,PIT,MIL
662747,2022-07-06,HOU,KC
663051,2022-07-06,CIN,NYM
662630,2022-07-06,LAD,COL
661225,2022-07-06,MIL,CHC
661564,2022-07-06,PHI,WSH
661378,2022-07-06,MIA,LAA
663318,2022-07-06,ARI,SF
662328,2022-07-06,PIT,NYY
662353,2022-07-06,OAK,TOR
662814,2022-07-06,DET,CLE
661509,2022-07-06,ATL,STL
661413,2022-07-06,CWS,MIN
661245,2022-07-06,BAL,TEX
663244,2022-07-06,BOS,TB
661379,2022-07-05,MIA,LAA
662731,2022-07-05,LAD,COL
662226,2022-07-05,SD,SEA
661510,2022-07-05,ATL,STL
662329,2022-07-05,PIT,NYY
661187,2022-07-05,MIL,CHC
663035,2022-07-05,CIN,NYM
662847,2022-07-05,HOU,KC
661426,2022-07-05,CWS,MIN
663245,2022-07-05,BOS,TB
662905,2022-07-05,DET,CLE
661578,2022-07-05,PHI,WSH
662354,2022-07-05,OAK,TOR
663320,2022-07-05,ARI,SF
661244,2022-07-05,BAL,TEX
661181,2022-07-04,MIL,CHC
662270,2022-07-04,SD,SEA
663343,2022-07-04,ARI,SF
662355,2022-07-04,OAK,TOR
663036,2022-07-04,CIN,NYM
662732,2022-07-04,LAD,COL
662541,2022-07-04,WSH,MIA
661452,2022-07-04,CWS,MIN
663251,2022-07-04,BOS,TB
662906,2022-07-04,DET,CLE
661073,2022-07-04,BAL,TEX
662874,2022-07-04,HOU,KC
662841,2022-07-04,DET,CLE
661511,2022-07-04,ATL,STL
661630,2022-07-03,PHI,STL
662162,2022-07-03,SEA,OAK
662889,2022-07-03,HOU,LAA
662486,2022-07-03,WSH,MIA
663052,2022-07-03,CIN,ATL
662099,2022-07-03,SF,CWS
662509,2022-07-03,NYM,TEX
662684,2022-07-03,LAD,SD
662794,2022-07-03,DET,KC
662913,2022-07-03,COL,ARI
661723,2022-07-03,TOR,TB
661102,2022-07-03,PIT,MIL
662957,2022-07-03,CLE,NYY
661689,2022-07-03,MIN,BAL
663186,2022-07-03,CHC,BOS
661091,2022-07-07,BAL,LAA
662253,2022-07-07,SD,SF
663071,2022-07-07,CIN,PIT
661425,2022-07-07,CWS,DET
662746,2022-07-07,HOU,KC
661521,2022-07-07,ATL,STL
663317,2022-07-07,ARI,COL
663233,2022-07-07,BOS,NYY
661566,2022-07-07,PHI,WSH
663140,2022-07-07,CIN,PIT
662730,2022-07-07,LAD,CHC
662156,2022-07-07,SEA,TOR
662508,2022-07-07,NYM,MIA
663048,2022-07-10,CIN,TB
661178,2022-07-10,MIL,PIT
663307,2022-07-10,ARI,COL
661135,2022-07-10,STL,PHI
662496,2022-07-10,NYM,MIA
662183,2022-07-10,SEA,TOR
662215,2022-07-10,OAK,HOU
661520,2022-07-10,ATL,WSH
663232,2022-07-10,BOS,NYY
661410,2022-07-10,CWS,DET
662662,2022-07-10,KC,CLE
662198,2022-07-10,SD,SF
661808,2022-07-10,TEX,MIN
661092,2022-07-10,BAL,LAA
662729,2022-07-10,LAD,CHC
663092,2022-07-09,CIN,TB
662266,2022-07-09,SD,SF
663310,2022-07-09,ARI,COL
662147,2022-07-09,SEA,TOR
662683,2022-07-09,LAD,CHC
661508,2022-07-09,ATL,WSH
661411,2022-07-09,CWS,DET
661842,2022-07-09,TEX,MIN
662351,2022-07-09,OAK,HOU
661071,2022-07-09,BAL,LAA
662497,2022-07-09,NYM,MIA
661224,2022-07-09,MIL,PIT
662663,2022-07-09,KC,CLE
663223,2022-07-09,BOS,NYY
661137,2022-07-09,STL,PHI
662225,2022-07-08,SD,SF
663053,2022-07-08,CIN,TB
661522,2022-07-08,ATL,WSH
661136,2022-07-08,STL,PHI
661177,2022-07-08,MIL,PIT
662614,2022-07-08,KC,CLE
662498,2022-07-08,NYM,MIA
662352,2022-07-08,OAK,HOU
661843,2022-07-08,TEX,MIN
662610,2022-07-08,LAD,CHC
662155,2022-07-08,SEA,TOR
661412,2022-07-08,CWS,DET
661108,2022-07-08,BAL,LAA
663319,2022-07-08,ARI,COL
663202,2022-07-08,BOS,NYY
661675,2022-07-14,MIN,CWS
662109,2022-07-14,SF,MIL
661261,2022-07-14,NYY,CIN
663123,2022-07-14,CLE,DET
662518,2022-07-14,WSH,ATL
661811,2022-07-14,TEX,SEA
661375,2022-07-14,MIA,PIT
661100,2022-07-14,COL,SD
663386,2022-07-14,LAA,HOU
661117,2022-07-14,STL,LAD
661101,2022-07-14,CHC,NYM
661875,2022-07-14,TB,BOS
661720,2022-07-14,TOR,KC
661118,2022-07-13,STL,LAD
661505,2022-07-13,ATL,NYM
662659,2022-07-13,KC,DET
663401,2022-07-13,LAA,HOU
661812,2022-07-13,TEX,OAK
661687,2022-07-13,MIN,MIL
661376,2022-07-13,MIA,PIT
662107,2022-07-13,SF,ARI
662517,2022-07-13,WSH,SEA
662895,2022-07-13,COL,SD
661876,2022-07-13,TB,BOS
661721,2022-07-13,TOR,PHI
661269,2022-07-13,NYY,CIN
662949,2022-07-13,CLE,CWS
663230,2022-07-13,CHC,BAL
662531,2022-07-13,WSH,SEA
661262,2022-07-12,NYY,CIN
662976,2022-07-12,CLE,CWS
661506,2022-07-12,ATL,NYM
663187,2022-07-12,CHC,BAL
662984,2022-07-12,COL,SD
662660,2022-07-12,KC,DET
663087,2022-07-12,CLE,CWS
661722,2022-07-12,TOR,PHI
663402,2022-07-12,LAA,HOU
662108,2022-07-12,SF,ARI
661119,2022-07-12,STL,LAD
661877,2022-07-12,TB,BOS
661688,2022-07-12,MIN,MIL
661813,2022-07-12,TEX,OAK
661377,2022-07-12,MIA,PIT
662100,2022-07-11,SF,ARI
661324,2022-07-11,MIA,PIT
662956,2022-07-11,CLE,CWS
661507,2022-07-11,ATL,NYM
661120,2022-07-11,STL,PHI
662996,2022-07-11,COL,SD
662700,2022-07-11,KC,DET
661814,2022-07-11,TEX,OAK
661878,2022-07-11,TB,BOS
662661,2022-07-11,KC,DET
661082,2022-07-17,CHC,NYM
661373,2022-07-17,MIA,PHI
661258,2022-07-17,NYY,BOS
662269,2022-07-17,SD,ARI
662059,2022-07-17,SF,MIL
661080,2022-07-17,COL,PIT
661672,2022-07-17,MIN,CWS
661717,2022-07-17,TOR,KC
662908,2022-07-17,HOU,OAK
661821,2022-07-17,TEX,SEA
661872,2022-07-17,TB,BAL
662530,2022-07-17,WSH,ATL
662113,2022-07-16,SF,MIL
662909,2022-07-16,HOU,OAK
661115,2022-07-16,CHC,NYM
662952,2022-07-16,CLE,DET
661081,2022-07-16,COL,PIT
661966,2022-07-16,STL,CIN
661114,2022-07-16,CHC,NYM
662271,2022-07-16,SD,ARI
662483,2022-07-16,WSH,ATL
661809,2022-07-16,TEX,SEA
663415,2022-07-16,LAA,LAD
661673,2022-07-16,MIN,CWS
661259,2022-07-16,NYY,BOS
661359,2022-07-16,MIA,PHI
661873,2022-07-16,TB,BAL
661718,2022-07-16,TOR,KC
662197,2022-07-15,SD,ARI
662072,2022-07-15,SF,MIL
661116,2022-07-15,STL,CIN
662516,2022-07-15,WSH,ATL
661374,2022-07-15,MIA,PHI
661810,2022-07-15,TEX,SEA
661113,2022-07-15,COL,PIT
663385,2022-07-15,LAA,LAD
662923,2022-07-15,HOU,OAK
661260,2022-07-15,NYY,BOS
661874,2022-07-15,TB,BAL
661674,2022-07-15,MIN,CWS
662942,2022-07-15,CLE,DET
661719,2022-07-15,TOR,KC
663060,2022-07-22,CIN,STL
661193,2022-07-22,MIL,COL
663222,2022-07-22,BOS,TOR
662167,2022-07-22,SEA,HOU
661504,2022-07-22,ATL,LAA
662589,2022-07-22,LAD,SF
663306,2022-07-22,ARI,WSH
662481,2022-07-22,NYM,SD
661409,2022-07-22,CWS,CLE
662658,2022-07-22,KC,TB
662327,2022-07-22,PIT,MIA
661560,2022-07-22,PHI,CHC
662344,2022-07-22,OAK,TEX
661072,2022-07-22,BAL,NYY
662776,2022-07-21,HOU,NYY
662685,2022-07-21,LAD,SF
661421,2022-07-21,MIA,TEX
662411,2022-07-21,OAK,DET
662775,2022-07-21,HOU,NYY
662408,2022-07-21,OAK,DET
661231,2022-07-25,MIL,COL
661555,2022-07-25,PHI,ATL
661065,2022-07-25,CHC,PIT
663315,2022-07-25,ARI,SF
662655,2022-07-25,KC,LAA
663219,2022-07-25,BOS,CLE
663046,2022-07-25,CIN,MIA
662166,2022-07-25,SEA,TEX
662576,2022-07-25,LAD,WSH
661055,2022-07-25,BAL,TB
662347,2022-07-25,OAK,HOU
662809,2022-07-25,DET,SD
662357,2022-07-24,PIT,MIA
662682,2022-07-24,LAD,SF
662145,2022-07-24,SEA,HOU
663059,2022-07-24,CIN,STL
662343,2022-07-24,OAK,TEX
663316,2022-07-24,ARI,WSH
661407,2022-07-24,CWS,CLE
661056,2022-07-24,BAL,NYY
662458,2022-07-24,NYM,SD
661184,2022-07-24,MIL,COL
661502,2022-07-24,ATL,LAA
662901,2022-07-24,DET,MIN
661556,2022-07-24,PHI,CHC
662656,2022-07-24,KC,TB
663220,2022-07-24,BOS,TOR
661057,2022-07-23,BAL,NYY
661559,2022-07-23,PHI,CHC
662146,2022-07-23,SEA,HOU
661201,2022-07-23,MIL,COL
663305,2022-07-23,ARI,WSH
662608,2022-07-23,LAD,SF
663221,2022-07-23,BOS,TOR
662657,2022-07-23,KC,TB
661523,2022-07-23,CWS,CLE
662348,2022-07-23,OAK,TEX
663047,2022-07-23,CIN,STL
661503,2022-07-23,ATL,LAA
661408,2022-07-23,CWS,CLE
662495,2022-07-23,NYM,SD
662902,2022-07-23,DET,MIN
662436,2022-07-23,PIT,MIA
662477,2022-07-29,WSH,STL
661406,2022-07-29,CWS,OAK
661372,2022-07-29,MIA,NYM
663379,2022-07-29,LAA,TEX
663190,2022-07-29,BOS,MIL
661256,2022-07-29,NYY,KC
661871,2022-07-29,TB,CLE
661501,2022-07-29,ATL,ARI
662057,2022-07-29,SF,CHC
662745,2022-07-29,HOU,SEA
662268,2022-07-29,SD,MIN
661076,2022-07-29,COL,LAD
661713,2022-07-29,TOR,DET
663026,2022-07-29,CIN,BAL
662435,2022-07-29,PIT,PHI
662907,2022-07-28,HOU,SEA
661052,2022-07-28,BAL,TB
663027,2022-07-28,CIN,MIA
662326,2022-07-28,PIT,PHI
661257,2022-07-28,NYY,KC
663380,2022-07-28,LAA,TEX
661077,2022-07-28,COL,LAD
662058,2022-07-28,SF,CHC
663200,2022-07-28,BOS,CLE
661714,2022-07-28,TOR,DET
662900,2022-07-27,DET,SD
661078,2022-07-27,COL,CWS
661249,2022-07-27,MIL,MIN
662345,2022-07-27,OAK,HOU
661715,2022-07-27,TOR,STL
662165,2022-07-27,SEA,TEX
662420,2022-07-27,NYM,NYY
661554,2022-07-27,PHI,ATL
663191,2022-07-27,BOS,CLE
663294,2022-07-27,ARI,SF
663028,2022-07-27,CIN,MIA
662652,2022-07-27,KC,LAA
661053,2022-07-27,BAL,TB
662565,2022-07-27,LAD,WSH
662346,2022-07-26,OAK,HOU
663029,2022-07-26,CIN,MIA
662438,2022-07-26,NYM,NYY
663314,2022-07-26,ARI,SF
661716,2022-07-26,TOR,STL
662573,2022-07-26,LAD,WSH
661079,2022-07-26,COL,CWS
661064,2022-07-26,CHC,PIT
662813,2022-07-26,DET,SD
661563,2022-07-26,PHI,ATL
661054,2022-07-26,BAL,TB
662184,2022-07-26,SEA,TEX
662653,2022-07-26,KC,LAA
661281,2022-07-26,MIL,MIN
663203,2022-07-26,BOS,CLE
661819,2022-08-02,TEX,BAL
662250,2022-08-02,SD,COL
661368,2022-08-02,MIA,CIN
661959,2022-08-02,STL,CHC
662298,2022-08-02,PIT,MIL
662941,2022-08-02,CLE,ARI
661868,2022-08-02,TB,TOR
662056,2022-08-02,SF,LAD
661253,2022-08-02,NYY,SEA
661496,2022-08-02,ATL,PHI
662736,2022-08-02,HOU,BOS
661386,2022-08-02,CWS,KC
663376,2022-08-02,LAA,OAK
662220,2022-08-02,SD,COL
661661,2022-08-02,MIN,DET
662529,2022-08-02,WSH,NYM
661268,2022-08-01,NYY,SEA
662474,2022-08-01,WSH,NYM
662224,2022-08-01,SD,COL
661387,2022-08-01,CWS,KC
662737,2022-08-01,HOU,BOS
662947,2022-08-01,CLE,ARI
661820,2022-08-01,TEX,BAL
661369,2022-08-01,MIA,CIN
662070,2022-08-01,SF,LAD
661671,2022-08-01,MIN,DET
663377,2022-07-31,LAA,TEX
661498,2022-07-31,ATL,ARI
661370,2022-07-31,MIA,NYM
661388,2022-07-31,CWS,OAK
662071,2022-07-31,SF,CHC
663024,2022-07-31,CIN,BAL
662475,2022-07-31,WSH,STL
661869,2022-07-31,TB,CLE
662918,2022-07-31,HOU,SEA
662414,2022-07-31,PIT,PHI
662988,2022-07-31,COL,LAD
663189,2022-07-31,BOS,MIL
661254,2022-07-31,NYY,KC
661711,2022-07-31,TOR,DET
662267,2022-07-31,SD,MIN
662738,2022-07-30,HOU,SEA
663192,2022-07-30,BOS,MIL
663025,2022-07-30,CIN,BAL
662989,2022-07-30,COL,LAD
661451,2022-07-30,CWS,OAK
661499,2022-07-30,ATL,ARI
662196,2022-07-30,SD,MIN
661371,2022-07-30,MIA,NYM
661870,2022-07-30,TB,CLE
661255,2022-07-30,NYY,KC
662112,2022-07-30,SF,CHC
662415,2022-07-30,PIT,PHI
662476,2022-07-30,WSH,STL
663378,2022-07-30,LAA,TEX
661712,2022-07-30,TOR,DET
661293,2022-08-03,NYY,SEA
662244,2022-08-03,SD,COL
661367,2022-08-03,MIA,CIN
661500,2022-08-03,ATL,PHI
662055,2022-08-03,SF,LAD
663375,2022-08-03,LAA,OAK
662552,2022-08-03,WSH,NYM
662725,2022-08-03,HOU,BOS
661818,2022-08-03,TEX,BAL
662946,2022-08-03,CLE,ARI
661385,2022-08-03,CWS,KC
661664,2022-08-03,MIN,DET
661867,2022-08-03,TB,TOR
662324,2022-08-03,PIT,MIL
662417,2022-08-06,NYM,ATL
662193,2022-08-06,SEA,LAA
661062,2022-08-06,CHC,MIA
661815,2022-08-06,TEX,CWS
661173,2022-08-06,MIL,CIN
662649,2022-08-06,KC,BOS
662308,2022-08-06,OAK,SF
662499,2022-08-06,NYM,ATL
661561,2022-08-06,PHI,WSH
663288,2022-08-06,ARI,COL
662654,2022-08-06,LAD,SD
662856,2022-08-06,DET,TB
661050,2022-08-06,BAL,PIT
661949,2022-08-06,STL,NYY
661662,2022-08-06,MIN,TOR
662937,2022-08-06,CLE,HOU
662154,2022-08-06,SEA,LAA
662164,2022-08-05,SEA,LAA
661562,2022-08-05,PHI,WSH
663313,2022-08-05,ARI,COL
661174,2022-08-05,MIL,CIN
662564,2022-08-05,LAD,SD
661816,2022-08-05,TEX,CWS
662418,2022-08-05,NYM,ATL
662650,2022-08-05,KC,BOS
661063,2022-08-05,CHC,MIA
662945,2022-08-05,CLE,HOU
661048,2022-08-05,BAL,PIT
661659,2022-08-05,MIN,TOR
662811,2022-08-05,DET,TB
661946,2022-08-05,STL,NYY
662219,2022-08-04,SD,COL
661817,2022-08-04,TEX,CWS
661945,2022-08-04,STL,CHC
662975,2022-08-04,CLE,HOU
662419,2022-08-04,NYM,ATL
661660,2022-08-04,MIN,TOR
662303,2022-08-04,PIT,MIL
663374,2022-08-04,LAA,OAK
662651,2022-08-04,KC,BOS
662812,2022-08-04,DET,TB
661932,2022-08-04,STL,CHC
661565,2022-08-04,PHI,WSH
662114,2022-08-04,SF,LAD
662185,2022-08-10,SEA,NYY
663188,2022-08-10,BOS,ATL
663302,2022-08-10,ARI,PIT
662892,2022-08-10,COL,STL
662639,2022-08-10,KC,CWS
663229,2022-08-10,CHC,WSH
661557,2022-08-10,PHI,MIA
662723,2022-08-10,HOU,TEX
662443,2022-08-10,NYM,CIN
662791,2022-08-10,DET,CLE
661207,2022-08-10,MIL,TB
662575,2022-08-10,LAD,MIN
662217,2022-08-10,SD,SF
662316,2022-08-10,OAK,LAA
662444,2022-08-09,NYM,CIN
662562,2022-08-09,LAD,MIN
662148,2022-08-09,SEA,NYY
661553,2022-08-09,PHI,MIA
662647,2022-08-09,KC,CWS
662330,2022-08-09,OAK,LAA
663201,2022-08-09,BOS,ATL
662724,2022-08-09,HOU,TEX
662246,2022-08-09,SD,SF
662779,2022-08-09,KC,CWS
662793,2022-08-09,DET,CLE
662979,2022-08-09,COL,STL
661059,2022-08-09,CHC,WSH
663303,2022-08-09,ARI,PIT
661046,2022-08-09,BAL,TOR
661182,2022-08-09,MIL,TB
662445,2022-08-08,NYM,CIN
662152,2022-08-08,SEA,NYY
661047,2022-08-08,BAL,TOR
662218,2022-08-08,SD,SF
662331,2022-08-08,OAK,LAA
661060,2022-08-08,CHC,WSH
663304,2022-08-08,ARI,PIT
661948,2022-08-07,STL,NYY
661835,2022-08-07,TEX,CWS
662563,2022-08-07,LAD,SD
661172,2022-08-07,MIL,CIN
662332,2022-08-07,OAK,SF
662810,2022-08-07,DET,TB
662944,2022-08-07,CLE,HOU
662153,2022-08-07,SEA,LAA
661061,2022-08-07,CHC,MIA
661558,2022-08-07,PHI,WSH
663300,2022-08-07,ARI,COL
662648,2022-08-07,KC,BOS
661653,2022-08-07,MIN,TOR
662416,2022-08-07,NYM,ATL
661049,2022-08-07,BAL,PIT
662472,2022-08-14,WSH,SD
661789,2022-08-14,TEX,SEA
661338,2022-08-14,MIA,ATL
662669,2022-08-14,KC,LAD
662035,2022-08-14,SF,PIT
661957,2022-08-14,STL,MIL
661708,2022-08-14,TOR,CLE
662801,2022-08-14,HOU,OAK
662427,2022-08-14,NYM,PHI
661450,2022-08-14,CWS,DET
663175,2022-08-14,BOS,NYY
662881,2022-08-14,COL,ARI
661864,2022-08-14,TB,BAL
663371,2022-08-14,LAA,MIN
663021,2022-08-14,CIN,CHC
661951,2022-08-13,STL,MIL
662824,2022-08-13,HOU,OAK
662473,2022-08-13,WSH,SD
662882,2022-08-13,COL,ARI
663022,2022-08-13,CIN,CHC
661709,2022-08-13,TOR,CLE
661790,2022-08-13,TEX,SEA
661360,2022-08-13,MIA,ATL
661865,2022-08-13,TB,BAL
662110,2022-08-13,SF,PIT
663372,2022-08-13,LAA,MIN
662428,2022-08-13,NYM,PHI
663176,2022-08-13,BOS,NYY
661383,2022-08-13,CWS,DET
661428,2022-08-13,MIA,ATL
662670,2022-08-13,KC,LAD
662111,2022-08-12,SF,PIT
663177,2022-08-12,BOS,NYY
661947,2022-08-12,STL,MIL
662671,2022-08-12,KC,LAD
661710,2022-08-12,TOR,CLE
662434,2022-08-12,NYM,PHI
662817,2022-08-12,HOU,OAK
663373,2022-08-12,LAA,MIN
662978,2022-08-12,COL,ARI
662551,2022-08-12,WSH,SD
661366,2022-08-12,MIA,ATL
661866,2022-08-12,TB,BAL
661384,2022-08-12,CWS,DET
661791,2022-08-12,TEX,SEA
662722,2022-08-11,HOU,TEX
662891,2022-08-11,COL,STL
662790,2022-08-11,DET,CLE
663293,2022-08-11,ARI,PIT
663023,2022-08-11,CIN,CHC
662645,2022-08-11,KC,CWS
663274,2022-08-11,BOS,BAL
661608,2022-08-11,PHI,MIA
661179,2022-08-18,MIL,LAD
662002,2022-08-18,SF,ARI
661446,2022-08-18,CWS,HOU
662182,2022-08-18,SD,WSH
661265,2022-08-18,NYY,TOR
661493,2022-08-18,ATL,NYM
661787,2022-08-18,TEX,OAK
661937,2022-08-18,STL,COL
661109,2022-08-18,BAL,CHC
661863,2022-08-18,TB,KC
662413,2022-08-18,PIT,BOS
662003,2022-08-17,SF,ARI
661171,2022-08-17,MIL,LAD
661938,2022-08-17,STL,COL
662470,2022-08-17,WSH,CHC
661447,2022-08-17,CWS,HOU
662951,2022-08-17,CLE,DET
663017,2022-08-17,CIN,PHI
663408,2022-08-17,LAA,SEA
661654,2022-08-17,MIN,KC
661494,2022-08-17,ATL,NYM
662301,2022-08-17,PIT,BOS
661266,2022-08-17,NYY,TB
661356,2022-08-17,MIA,SD
661705,2022-08-17,TOR,BAL
661788,2022-08-17,TEX,OAK
661706,2022-08-16,TOR,BAL
662943,2022-08-16,CLE,DET
661448,2022-08-16,CWS,HOU
662004,2022-08-16,SF,ARI
661955,2022-08-16,STL,COL
662302,2022-08-16,PIT,BOS
661495,2022-08-16,ATL,NYM
661250,2022-08-16,NYY,TB
662550,2022-08-16,WSH,CHC
663369,2022-08-16,LAA,SEA
661682,2022-08-16,MIN,KC
661833,2022-08-16,TEX,OAK
661191,2022-08-16,MIL,LAD
663019,2022-08-16,CIN,PHI
661357,2022-08-16,MIA,SD
661358,2022-08-15,MIA,SD
663370,2022-08-15,LAA,SEA
662471,2022-08-15,WSH,CHC
663020,2022-08-15,CIN,PHI
661283,2022-08-15,NYY,TB
662977,2022-08-15,CLE,DET
661449,2022-08-15,CWS,HOU
662034,2022-08-15,SF,ARI
661707,2022-08-15,TOR,BAL
661676,2022-08-15,MIN,KC
661834,2022-08-15,TEX,OAK
661199,2022-08-15,MIL,LAD
662948,2022-08-15,CLE,DET
661497,2022-08-15,ATL,NYM
662314,2022-08-22,OAK,MIA
661238,2022-08-22,NYY,NYM
663114,2022-08-22,CHC,STL
661859,2022-08-22,TB,LAA
662594,2022-08-22,LAD,MIL
662394,2022-08-22,PIT,ATL
661658,2022-08-22,MIN,TEX
661601,2022-08-22,PHI,CIN
662767,2022-08-22,KC,CWS
661602,2022-08-21,PHI,NYM
663115,2022-08-21,CHC,MIL
661239,2022-08-21,NYY,TOR
661051,2022-08-21,BAL,BOS
662878,2022-08-21,COL,SF
661480,2022-08-21,ATL,HOU
662179,2022-08-21,SD,WSH
662600,2022-08-21,LAD,MIA
663301,2022-08-21,ARI,STL
662300,2022-08-21,PIT,CIN
661652,2022-08-21,MIN,TEX
662315,2022-08-21,OAK,SEA
662805,2022-08-21,DET,LAA
661860,2022-08-21,TB,KC
662953,2022-08-20,CLE,CWS
661610,2022-08-20,ATL,HOU
661628,2022-08-20,PHI,NYM
661240,2022-08-20,NYY,TOR
662180,2022-08-20,SD,WSH
661606,2022-08-20,PHI,NYM
661043,2022-08-20,BAL,BOS
662917,2022-08-20,DET,LAA
663116,2022-08-20,CHC,MIL
663291,2022-08-20,ARI,STL
661861,2022-08-20,TB,KC
662879,2022-08-20,COL,SF
662395,2022-08-20,PIT,CIN
661670,2022-08-20,MIN,TEX
662340,2022-08-20,OAK,SEA
662561,2022-08-20,LAD,MIA
663292,2022-08-19,ARI,STL
661607,2022-08-19,PHI,NYM
662936,2022-08-19,CLE,CWS
662574,2022-08-19,LAD,MIA
661862,2022-08-19,TB,KC
662181,2022-08-19,SD,WSH
662808,2022-08-19,DET,LAA
661655,2022-08-19,MIN,TEX
662880,2022-08-19,COL,SF
662341,2022-08-19,OAK,SEA
663228,2022-08-19,CHC,MIL
661492,2022-08-19,ATL,HOU
661044,2022-08-19,BAL,BOS
661319,2022-08-19,NYY,TOR
662396,2022-08-19,PIT,CIN
662342,2022-08-26,OAK,NYY
661669,2022-08-26,MIN,SF
662469,2022-08-26,WSH,CIN
661704,2022-08-26,TOR,LAA
661940,2022-08-26,STL,ATL
662710,2022-08-26,HOU,BAL
663171,2022-08-26,BOS,TB
662143,2022-08-26,SEA,CLE
661445,2022-08-26,CWS,ARI
662432,2022-08-26,NYM,COL
661189,2022-08-26,MIL,CHC
661355,2022-08-26,MIA,LAD
661603,2022-08-26,PHI,PIT
661786,2022-08-26,TEX,DET
662667,2022-08-26,KC,SD
662141,2022-08-25,SEA,CLE
661604,2022-08-25,PHI,CIN
662337,2022-08-25,OAK,NYY
663459,2022-08-25,BAL,CWS
661856,2022-08-25,TB,LAA
663240,2022-08-25,CHC,STL
662433,2022-08-25,NYM,COL
662711,2022-08-25,HOU,MIN
663172,2022-08-25,BOS,TOR
663216,2022-08-24,CHC,STL
662799,2022-08-24,HOU,MIN
662640,2022-08-24,KC,ARI
662338,2022-08-24,OAK,MIA
662212,2022-08-24,SD,CLE
662916,2022-08-24,DET,SF
663460,2022-08-24,BAL,CWS
662604,2022-08-24,LAD,MIL
661857,2022-08-24,TB,LAA
663173,2022-08-24,BOS,TOR
662144,2022-08-24,SEA,WSH
662877,2022-08-24,COL,TEX
661605,2022-08-24,PHI,CIN
662371,2022-08-24,PIT,ATL
663163,2022-08-23,CHC,STL
662142,2022-08-23,SEA,WSH
661600,2022-08-23,PHI,CIN
662383,2022-08-23,PIT,ATL
662213,2022-08-23,SD,CLE
663461,2022-08-23,BAL,CWS
661237,2022-08-23,NYY,NYM
662914,2022-08-23,DET,SF
662800,2022-08-23,HOU,MIN
662339,2022-08-23,OAK,MIA
661858,2022-08-23,TB,LAA
662876,2022-08-23,COL,TEX
663174,2022-08-23,BOS,TOR
662668,2022-08-23,KC,ARI
662605,2022-08-23,LAD,MIL
663113,2022-08-23,CHC,STL
662000,2022-08-30,SF,SD
661166,2022-08-30,MIL,PIT
662466,2022-08-30,WSH,OAK
661832,2022-08-30,TEX,HOU
661479,2022-08-30,ATL,COL
661800,2022-08-30,TOR,CHC
661442,2022-08-30,CWS,KC
662973,2022-08-30,CLE,BAL
662426,2022-08-30,NYM,LAD
663437,2022-08-30,LAA,NYY
663286,2022-08-30,ARI,PHI
661351,2022-08-30,MIA,TB
662804,2022-08-30,DET,SEA
661648,2022-08-30,MIN,BOS
663137,2022-08-30,CIN,STL
661167,2022-08-29,MIL,PIT
661801,2022-08-29,TOR,CHC
661352,2022-08-29,MIA,LAD
662001,2022-08-29,SF,SD
663424,2022-08-29,LAA,NYY
661651,2022-08-29,MIN,BOS
663018,2022-08-29,CIN,STL
663332,2022-08-29,ARI,PHI
662446,2022-08-28,NYM,COL
662467,2022-08-28,WSH,CIN
662139,2022-08-28,SEA,CLE
661443,2022-08-28,CWS,ARI
661353,2022-08-28,MIA,LAD
661168,2022-08-28,MIL,CHC
663211,2022-08-28,BOS,TB
661950,2022-08-28,STL,ATL
661598,2022-08-28,PHI,PIT
661089,2022-08-28,HOU,BAL
662335,2022-08-28,OAK,NYY
661784,2022-08-28,TEX,DET
661663,2022-08-28,MIN,SF
662638,2022-08-28,KC,SD
661773,2022-08-28,TOR,LAA
662140,2022-08-27,SEA,CLE
661354,2022-08-27,MIA,LAD
661703,2022-08-27,TOR,LAA
661599,2022-08-27,PHI,PIT
661090,2022-08-27,HOU,BAL
662442,2022-08-27,NYM,COL
662666,2022-08-27,KC,SD
661657,2022-08-27,MIN,SF
661444,2022-08-27,CWS,ARI
661180,2022-08-27,MIL,CHC
661785,2022-08-27,TEX,DET
663170,2022-08-27,BOS,TB
661939,2022-08-27,STL,ATL
662468,2022-08-27,WSH,CIN
662336,2022-08-27,OAK,NYY
663436,2022-09-03,LAA,HOU
663321,2022-09-03,ARI,MIL
662803,2022-09-03,DET,KC
661438,2022-09-03,CWS,MIN
661475,2022-09-03,ATL,MIA
663355,2022-09-03,BAL,OAK
662963,2022-09-03,CLE,SEA
662286,2022-09-03,PIT,TOR
662597,2022-09-03,LAD,SD
661854,2022-09-03,TB,NYY
663214,2022-09-03,BOS,TEX
662425,2022-09-03,NYM,WSH
661928,2022-09-03,STL,CHC
662031,2022-09-03,SF,PHI
662603,2022-09-02,LAD,SD
663212,2022-09-02,BOS,TEX
661920,2022-09-02,STL,CHC
662356,2022-09-02,PIT,TOR
663428,2022-09-02,LAA,HOU
661855,2022-09-02,TB,NYY
662961,2022-09-02,CLE,SEA
661476,2022-09-02,ATL,MIA
662409,2022-09-02,NYM,WSH
663356,2022-09-02,BAL,OAK
663133,2022-09-02,CIN,COL
663285,2022-09-02,ARI,MIL
662915,2022-09-02,DET,KC
662032,2022-09-02,SF,PHI
661439,2022-09-02,CWS,MIN
661477,2022-09-01,ATL,COL
662971,2022-09-01,CLE,BAL
662410,2022-09-01,NYM,LAD
663290,2022-09-01,ARI,MIL
661440,2022-09-01,CWS,KC
663210,2022-09-01,BOS,TEX
662491,2022-09-01,WSH,OAK
662785,2022-09-01,DET,SEA
661649,2022-08-31,MIN,BOS
662033,2022-08-31,SF,SD
663410,2022-08-31,LAA,NYY
662972,2022-08-31,CLE,BAL
661478,2022-08-31,ATL,COL
661831,2022-08-31,TEX,HOU
662465,2022-08-31,WSH,OAK
662447,2022-08-31,NYM,LAD
661441,2022-08-31,CWS,KC
661779,2022-08-31,TOR,CHC
662995,2022-08-31,CIN,STL
662903,2022-08-31,DET,SEA
663312,2022-08-31,ARI,PHI
661350,2022-08-31,MIA,TB
661165,2022-08-31,MIL,PIT
661087,2022-09-06,HOU,TEX
662138,2022-09-06,SEA,CWS
662282,2022-09-06,PIT,NYM
662644,2022-09-06,KC,CLE
662205,2022-09-06,SD,ARI
661597,2022-09-06,PHI,MIA
662859,2022-09-06,COL,MIL
663407,2022-09-06,LAA,DET
661925,2022-09-06,STL,WSH
662601,2022-09-06,LAD,SF
662313,2022-09-06,OAK,ATL
663242,2022-09-06,CHC,CIN
663458,2022-09-06,BAL,TOR
662043,2022-09-06,TB,BOS
661088,2022-09-05,HOU,TEX
662646,2022-09-05,KC,CLE
662602,2022-09-05,LAD,SF
662211,2022-09-05,SD,ARI
661852,2022-09-05,TB,BOS
662121,2022-09-05,SEA,CWS
663353,2022-09-05,BAL,TOR
662860,2022-09-05,COL,MIL
663434,2022-09-05,LAA,DET
661045,2022-09-05,BAL,TOR
661926,2022-09-05,STL,WSH
661236,2022-09-05,NYY,MIN
663435,2022-09-04,LAA,HOU
662030,2022-09-04,SF,PHI
663311,2022-09-04,ARI,MIL
662424,2022-09-04,NYM,WSH
663107,2022-09-04,CIN,COL
661927,2022-09-04,STL,CHC
662299,2022-09-04,PIT,TOR
661437,2022-09-04,CWS,MIN
662786,2022-09-04,DET,KC
661853,2022-09-04,TB,NYY
663354,2022-09-04,BAL,OAK
663213,2022-09-04,BOS,TEX
663108,2022-09-04,CIN,COL
661474,2022-09-04,ATL,MIA
662599,2022-09-04,LAD,SD
662962,2022-09-04,CLE,SEA
662322,2022-09-10,OAK,CWS
661593,2022-09-10,PHI,WSH
663127,2022-09-10,CHC,SF
661841,2022-09-10,TEX,TOR
661282,2022-09-10,NYY,TB
662869,2022-09-10,COL,ARI
661665,2022-09-10,MIN,CLE
662636,2022-09-10,KC,DET
662265,2022-09-10,PIT,STL
661849,2022-09-10,SD,LAD
661084,2022-09-10,HOU,LAA
662088,2022-09-10,SEA,ATL
661175,2022-09-10,MIL,CIN
663455,2022-09-10,BAL,BOS
661323,2022-09-10,MIA,NYM
661185,2022-09-09,MIL,CIN
661234,2022-09-09,NYY,TB
661085,2022-09-09,HOU,LAA
663217,2022-09-09,CHC,SF
662284,2022-09-09,PIT,STL
661337,2022-09-09,MIA,NYM
661830,2022-09-09,TEX,TOR
661650,2022-09-09,MIN,CLE
662333,2022-09-09,OAK,CWS
662136,2022-09-09,SEA,ATL
661850,2022-09-09,SD,LAD
662637,2022-09-09,KC,DET
663456,2022-09-09,BAL,BOS
661594,2022-09-09,PHI,WSH
662870,2022-09-09,COL,ARI
661219,2022-09-08,MIL,SF
662334,2022-09-08,OAK,CWS
661595,2022-09-08,PHI,MIA
661923,2022-09-08,STL,WSH
661233,2022-09-08,MIL,SF
661252,2022-09-08,NYY,MIN
663241,2022-09-08,CHC,CIN
661235,2022-09-07,NYY,MIN
662312,2022-09-07,OAK,ATL
662283,2022-09-07,PIT,NYM
662065,2022-09-07,TB,BOS
661924,2022-09-07,STL,WSH
661086,2022-09-07,HOU,TEX
663457,2022-09-07,BAL,TOR
662216,2022-09-07,SD,ARI
662582,2022-09-07,LAD,SF
662137,2022-09-07,SEA,CWS
662285,2022-09-07,PIT,NYM
661251,2022-09-07,NYY,MIN
663168,2022-09-07,CHC,CIN
661596,2022-09-07,PHI,MIA
663409,2022-09-07,LAA,DET
662871,2022-09-07,COL,MIL
662643,2022-09-07,KC,CLE
661435,2022-09-14,CWS,COL
661921,2022-09-14,STL,MIL
661829,2022-09-14,TEX,OAK
663006,2022-09-14,CIN,PIT
662118,2022-09-14,SEA,SD
663159,2022-09-14,BOS,NYY
661336,2022-09-14,MIA,PHI
662027,2022-09-14,SF,ATL
662969,2022-09-14,CLE,LAA
662463,2022-09-14,WSH,BAL
662792,2022-09-14,DET,HOU
661646,2022-09-14,MIN,KC
663322,2022-09-14,ARI,LAD
661770,2022-09-14,TOR,TB
662422,2022-09-14,NYM,CHC
662119,2022-09-13,SEA,SD
661645,2022-09-13,MIN,KC
661320,2022-09-13,MIA,PHI
662028,2022-09-13,SF,ATL
661798,2022-09-13,TOR,TB
663160,2022-09-13,BOS,NYY
662430,2022-09-13,NYM,CHC
663323,2022-09-13,ARI,LAD
663158,2022-09-13,CIN,PIT
662965,2022-09-13,CLE,LAA
662787,2022-09-13,DET,HOU
661436,2022-09-13,CWS,COL
663106,2022-09-13,CIN,PIT
661840,2022-09-13,TOR,TB
661922,2022-09-13,STL,MIL
661838,2022-09-13,TEX,OAK
662464,2022-09-13,WSH,BAL
662782,2022-09-12,DET,HOU
662029,2022-09-12,SF,ATL
663085,2022-09-12,CIN,PIT
662970,2022-09-12,CLE,LAA
662423,2022-09-12,NYM,CHC
661799,2022-09-12,TOR,TB
661420,2022-09-12,MIA,TEX
663324,2022-09-12,ARI,LAD
661419,2022-09-12,MIA,TEX
661647,2022-09-11,MIN,CLE
661839,2022-09-11,TEX,TOR
662868,2022-09-11,COL,ARI
662323,2022-09-11,OAK,CWS
661176,2022-09-11,MIL,CIN
663264,2022-09-11,BAL,BOS
661322,2022-09-11,MIA,NYM
662120,2022-09-11,SEA,ATL
662325,2022-09-11,PIT,STL
663130,2022-09-11,CHC,SF
661083,2022-09-11,HOU,LAA
662635,2022-09-11,KC,DET
661848,2022-09-11,SD,LAD
661232,2022-09-11,NYY,TB
661592,2022-09-11,PHI,WSH
662974,2022-09-15,CLE,CWS
662709,2022-09-15,HOU,OAK
662398,2022-09-15,NYM,PIT
661822,2022-09-15,TOR,TB
661919,2022-09-15,STL,CIN
661644,2022-09-15,MIN,KC
661321,2022-09-15,MIA,PHI
663284,2022-09-15,ARI,SD
661471,2022-09-18,ATL,PHI
662461,2022-09-18,WSH,MIA
663425,2022-09-18,LAA,SEA
662402,2022-09-18,NYM,PIT
661930,2022-09-18,STL,CIN
661780,2022-09-18,TOR,BAL
663207,2022-09-18,BOS,KC
662968,2022-09-18,CLE,MIN
662025,2022-09-18,SF,LAD
661162,2022-09-18,MIL,NYY
663287,2022-09-18,ARI,SD
661994,2022-09-18,TB,TEX
662822,2022-09-18,HOU,OAK
662783,2022-09-18,DET,CWS
663112,2022-09-18,CHC,COL
663426,2022-09-17,LAA,SEA
663289,2022-09-17,ARI,SD
661952,2022-09-17,STL,CIN
661965,2022-09-17,STL,CIN
661163,2022-09-17,MIL,NYY
663129,2022-09-17,CHC,COL
661472,2022-09-17,ATL,PHI
662024,2022-09-17,SF,LAD
661769,2022-09-17,TOR,BAL
662403,2022-09-17,NYM,PIT
662823,2022-09-17,HOU,OAK
663141,2022-09-17,CLE,MIN
663208,2022-09-17,BOS,KC
662462,2022-09-17,WSH,MIA
662784,2022-09-17,DET,CWS
662958,2022-09-17,CLE,MIN
662015,2022-09-17,TB,TEX
661473,2022-09-16,ATL,PHI
662404,2022-09-16,NYM,PIT
662490,2022-09-16,WSH,MIA
662740,2022-09-16,HOU,OAK
662781,2022-09-16,DET,CWS
663283,2022-09-16,ARI,SD
663126,2022-09-16,CHC,COL
662064,2022-09-16,TB,TEX
661953,2022-09-16,STL,CIN
663427,2022-09-16,LAA,SEA
662026,2022-09-16,SF,LAD
662959,2022-09-16,CLE,MIN
663209,2022-09-16,BOS,KC
661164,2022-09-16,MIL,NYY
661776,2022-09-16,TOR,BAL
662203,2022-09-21,SD,STL
662011,2022-09-21,TB,HOU
663261,2022-09-21,BAL,DET
662320,2022-09-21,OAK,SEA
661297,2022-09-21,MIA,CHC
661433,2022-09-21,CWS,CLE
661468,2022-09-21,ATL,WSH
661588,2022-09-21,PHI,TOR
661070,2022-09-21,CIN,BOS
661158,2022-09-21,MIL,NYM
661228,2022-09-21,NYY,PIT
662633,2022-09-21,KC,MIN
662606,2022-09-21,LAD,ARI
662899,2022-09-21,COL,SF
661783,2022-09-21,TEX,LAA
661434,2022-09-20,CWS,CLE
662204,2022-09-20,SD,STL
661298,2022-09-20,MIA,CHC
662607,2022-09-20,LAD,ARI
663104,2022-09-20,CIN,BOS
662867,2022-09-20,COL,SF
662621,2022-09-20,LAD,ARI
661469,2022-09-20,ATL,WSH
661159,2022-09-20,MIL,NYM
662012,2022-09-20,TB,HOU
661837,2022-09-20,TEX,LAA
661229,2022-09-20,NYY,PIT
663262,2022-09-20,BAL,DET
662321,2022-09-20,OAK,SEA
662634,2022-09-20,KC,MIN
661591,2022-09-20,PHI,TOR
661161,2022-09-19,MIL,NYM
663423,2022-09-19,LAA,SEA
662622,2022-09-19,LAD,ARI
662886,2022-09-19,COL,SF
663044,2022-09-19,CLE,MIN
661470,2022-09-19,ATL,WSH
663263,2022-09-19,BAL,DET
662013,2022-09-19,TB,HOU
661299,2022-09-19,MIA,CHC
662039,2022-09-24,TB,TOR
662641,2022-09-24,KC,SEA
663258,2022-09-24,BAL,HOU
661067,2022-09-24,CIN,MIL
662866,2022-09-24,COL,SD
661295,2022-09-24,MIA,WSH
661586,2022-09-24,PHI,ATL
661221,2022-09-24,NYY,BOS
663281,2022-09-24,ARI,SF
661430,2022-09-24,CWS,DET
662584,2022-09-24,LAD,STL
661805,2022-09-24,TEX,CLE
662249,2022-09-24,PIT,CHC
662311,2022-09-24,OAK,NYM
661656,2022-09-24,MIN,LAA
662642,2022-09-23,KC,SEA
663259,2022-09-23,BAL,HOU
661587,2022-09-23,PHI,ATL
661222,2022-09-23,NYY,BOS
662585,2022-09-23,LAD,STL
661668,2022-09-23,MIN,LAA
663282,2022-09-23,ARI,SF
661296,2022-09-23,MIA,WSH
662305,2022-09-23,OAK,NYM
662263,2022-09-23,PIT,CHC
661431,2022-09-23,CWS,DET
662897,2022-09-23,COL,SD
661068,2022-09-23,CIN,MIL
661807,2022-09-23,TEX,CLE
662040,2022-09-23,TB,TOR
661609,2022-09-22,PHI,ATL
661243,2022-09-22,NYY,BOS
663260,2022-09-22,BAL,HOU
661432,2022-09-22,CWS,CLE
662202,2022-09-22,SD,STL
661806,2022-09-22,TEX,LAA
662586,2022-09-22,LAD,ARI
662264,2022-09-22,PIT,CHC
661069,2022-09-22,CIN,MIL
662898,2022-09-22,COL,SF
662632,2022-09-22,KC,MIN
662306,2022-09-22,OAK,SEA
662041,2022-09-22,TB,TOR
661666,2022-09-27,MIN,CWS
662117,2022-09-27,SEA,TEX
663422,2022-09-27,LAA,OAK
661155,2022-09-27,MIL,STL
663128,2022-09-27,CHC,PHI
662241,2022-09-27,PIT,CIN
662210,2022-09-27,SD,LAD
661778,2022-09-27,TOR,NYY
662401,2022-09-27,NYM,MIA
662046,2022-09-27,SF,COL
662955,2022-09-27,CLE,TB
662774,2022-09-27,DET,KC
662489,2022-09-27,WSH,ATL
663206,2022-09-27,BOS,BAL
662821,2022-09-27,HOU,ARI
662460,2022-09-26,WSH,ATL
661768,2022-09-26,TOR,NYY
663250,2022-09-26,BOS,BAL
662242,2022-09-26,PIT,CIN
661585,2022-09-25,PHI,ATL
661220,2022-09-25,NYY,BOS
661066,2022-09-25,CIN,MIL
661667,2022-09-25,MIN,LAA
662631,2022-09-25,KC,SEA
661294,2022-09-25,MIA,WSH
661429,2022-09-25,CWS,DET
662310,2022-09-25,OAK,NYM
663280,2022-09-25,ARI,SF
663454,2022-09-25,BAL,HOU
662243,2022-09-25,PIT,CHC
662865,2022-09-25,COL,SD
661828,2022-09-25,TEX,CLE
662063,2022-09-25,TB,TOR
662598,2022-09-25,LAD,STL
661218,2022-09-30,NYY,BAL
661097,2022-09-30,WSH,PHI
662208,2022-09-30,SD,CWS
661157,2022-09-30,MIL,MIA
661958,2022-09-30,STL,PIT
662049,2022-09-30,SF,ARI
661111,2022-09-30,SEA,OAK
661751,2022-09-30,TOR,BOS
663099,2022-09-30,CHC,CIN
662819,2022-09-30,HOU,TB
663406,2022-09-30,LAA,TEX
662940,2022-09-30,CLE,KC
662771,2022-09-30,DET,MIN
662596,2022-09-30,LAD,COL
661467,2022-09-30,ATL,NYM
663420,2022-09-29,LAA,OAK
662772,2022-09-29,DET,KC
661128,2022-09-29,SEA,TEX
662050,2022-09-29,SF,COL
661132,2022-09-29,MIN,CWS
663110,2022-09-29,CHC,PHI
662932,2022-09-29,CLE,TB
661156,2022-09-29,MIL,MIA
663180,2022-09-29,BOS,BAL
662209,2022-09-29,SD,LAD
662214,2022-09-28,SD,LAD
662820,2022-09-28,HOU,ARI
663421,2022-09-28,LAA,OAK
661112,2022-09-28,SEA,TEX
662773,2022-09-28,DET,KC
663181,2022-09-28,BOS,BAL
661154,2022-09-28,MIL,STL
662045,2022-09-28,SF,COL
663098,2022-09-28,CHC,PHI
662400,2022-09-28,NYM,MIA
661737,2022-09-28,TOR,NYY
661133,2022-09-28,MIN,CWS
662240,2022-09-28,PIT,CIN
662967,2022-09-28,CLE,TB
661099,2022-09-28,WSH,ATL
663105,2022-10-03,CLE,KC
661424,2022-10-03,MIA,ATL
661213,2022-10-03,MIL,ARI
661464,2022-10-03,CWS,MIN
662431,2022-10-03,OAK,LAA
662777,2022-10-03,HOU,PHI
662044,2022-10-03,TEX,NYY
662309,2022-10-03,PIT,STL
662201,2022-10-03,SEA,DET
663273,2022-10-03,BAL,TOR
662629,2022-10-03,LAD,COL
663096,2022-10-03,CIN,CHC
662239,2022-10-03,SD,SF
663453,2022-10-03,BOS,TB
662190,2022-10-02,SD,CWS
661096,2022-10-02,WSH,PHI
661215,2022-10-02,NYY,BAL
661153,2022-10-02,MIL,MIA
662938,2022-10-02,CLE,KC
662769,2022-10-02,DET,MIN
662022,2022-10-02,SF,ARI
662087,2022-10-02,SEA,OAK
663419,2022-10-02,LAA,TEX
662581,2022-10-02,LAD,COL
661954,2022-10-02,STL,PIT
662825,2022-10-02,HOU,TB
663097,2022-10-02,CHC,CIN
661465,2022-10-02,ATL,NYM
661735,2022-10-02,TOR,BOS
662207,2022-10-01,SD,CWS
662770,2022-10-01,DET,MIN
661466,2022-10-01,ATL,NYM
662023,2022-10-01,SF,ARI
662572,2022-10-01,WSH,PHI
662818,2022-10-01,HOU,TB
663167,2022-10-01,CHC,CIN
661217,2022-10-01,NYY,BAL
661098,2022-10-01,WSH,PHI
663405,2022-10-01,LAA,TEX
662595,2022-10-01,LAD,COL
662939,2022-10-01,CLE,KC
661736,2022-10-01,TOR,BOS
661956,2022-10-01,STL,PIT
661110,2022-10-01,SEA,OAK
661152,2022-10-01,MIL,MIA
662195,2022-10-05,SEA,DET
663352,2022-10-05,BOS,TB
662421,2022-10-05,OAK,LAA
662304,2022-10-05,PIT,STL
663131,2022-10-05,CIN,CHC
662789,2022-10-05,HOU,PHI
663095,2022-10-05,CLE,KC
663451,2022-10-05,BAL,TOR
661227,2022-10-05,MIL,ARI
662488,2022-10-05,NYM,WSH
661427,2022-10-05,CWS,MIN
661996,2022-10-05,TEX,NYY
662623,2022-10-05,LAD,COL
662238,2022-10-05,SD,SF
661422,2022-10-05,MIA,ATL
663272,2022-10-05,BAL,TOR
662010,2022-10-04,TEX,NYY
661223,2022-10-04,MIL,ARI
662199,2022-10-04,SEA,DET
662200,2022-10-04,SEA,DET
662062,2022-10-04,TEX,NYY
662429,2022-10-04,OAK,LAA
663077,2022-10-04,CLE,KC
661463,2022-10-04,CWS,MIN
661423,2022-10-04,MIA,ATL
662624,2022-10-04,LAD,COL
661094,2022-10-04,NYM,WSH
663243,2022-10-04,CIN,CHC
661095,2022-10-04,NYM,WSH
662768,2022-10-04,HOU,PHI
662252,2022-10-04,SD,SF
662319,2022-10-04,PIT,STL
663452,2022-10-04,BOS,TB